"id","code","name","reconcile","account_type",parent_id/id
ecpuc,PUC,PLAN UNICO DE CUENTAS,FALSE,view,""
ec1,1,ACTIVO,FALSE,view,ecpuc
ec101,1.01.,ACTIVO CORRIENTE,FALSE,view,ec1
ec10101,1.01.01.,EFECTIVO Y EQUIVALENTES AL EFECTIVO,FALSE,view,ec101
ec1010101,1.01.01.01.,CAJA,FALSE,view,ec10101
ec101010101,1.01.01.01.01,CAJA GENERAL,FALSE,asset_cash,ec1010101
ec101010102,1.01.01.01.02,CAJA CHICA,FALSE,asset_cash,ec1010101
ec101010103,1.01.01.01.03,CAJA PRUEBA,FALSE,asset_cash,ec1010101
ec101010105,1.01.01.01.05,RECIBOS PENDIENTES GENERAL,FALSE,asset_current,ec1010101
ec101010106,1.01.01.01.06,PAGOS PENDIENTES GENERAL,FALSE,asset_current,ec1010101
ec101010107,1.01.01.01.07,RECIBOS PENDIENTES CHICA,FALSE,asset_current,ec1010101
ec101010108,1.01.01.01.08,PAGOS PENDIENTES CHICA,FALSE,asset_current,ec1010101
ec101010110,1.01.01.01.10,TANSFERENCIA DE CAJA A CAJA,FALSE,asset_current,ec1010101
ec1010102,1.01.01.02.,BANCOS,FALSE,view,ec10101
ec101010201,1.01.01.02.01,BANCOS 1,FALSE,asset_cash,ec1010102
ec101010202,1.01.01.02.02,BANCO 2,FALSE,asset_cash,ec1010102
ec101010208,1.01.01.02.08,RECIBOS PENDIENTES BANCOS,FALSE,asset_current,ec1010102
ec101010209,1.01.01.02.09,PAGOS PENDIENTES BANCOS,FALSE,asset_current,ec1010102
ec101010210,1.01.01.02.10,TRANSFERENCIA BANCO A BANCO,FALSE,asset_current,ec1010102
ec10102,1.01.02.,ACTIVOS FINANCIEROS,FALSE,view,ec101
ec1010201,1.01.02.01.,ACTIVOS FINANCIEROS A VALOR RAZONABLE CON CAMBIOS EN RESULTADOS,FALSE,view,ec10102
ec101020101,1.01.02.01.01,ACTIVOS FINANCIEROS A VALOR RAZONABLE CON CAMBIOS EN RESULTADOS,FALSE,asset_current,ec1010201
ec1010202,1.01.02.02.,ACTIVOS FINANCIEROS DISPONIBLES PARA LA VENTA,FALSE,view,ec10102
ec101020201,1.01.02.02.01,ACTIVOS FINANCIEROS DISPONIBLES PARA LA VENTA,FALSE,asset_current,ec1010202
ec1010203,1.01.02.03.,ACTIVOS FINANCIEROS MANTENIDOS HASTA EL VENCIMIENTO,FALSE,view,ec10102
ec101020301,1.01.02.03.01,ACTIVOS FINANCIEROS MANTENIDOS HASTA EL VENCIMIENTO,FALSE,asset_current,ec1010203
ec1010204,1.01.02.04.,PROVISION POR DETERIORO DE INSTRUMENTOS FINANCIEROS,FALSE,view,ec10102
ec101020401,1.01.02.04.01,PROVISION POR DETERIORO DE INSTRUMENTOS FINANCIEROS,FALSE,asset_current,ec1010204
ec1010205,1.01.02.05.,DOCUMENTOS Y CUENTAS POR COBRAR CLIENTES NO RELACIONADOS,FALSE,view,ec10102
ec101020501,1.01.02.05.01,DOCUMENTOS Y CUENTAS POR COBRAR CLIENTES NO RELACIONADOS,TRUE,asset_receivable,ec1010205
ec101020502,1.01.02.05.02,CUENTAS POR COBRAR SUCURSALES PUNTO DE VENTA,TRUE,asset_receivable,ec1010205
ec1010206,1.01.02.06.,DOCUMENTOS Y CUENTAS POR COBRAR CLIENTES RELACIONADOS,FALSE,view,ec10102
ec101020601,1.01.02.06.01,DOCUMENTOS Y CUENTAS POR COBRAR CLIENTES RELACIONADOS,FALSE,asset_current,ec1010206
ec1010207,1.01.02.07.,OTRAS CUENTAS POR COBRAR RELACIONADAS,FALSE,view,ec10102
ec101020701,1.01.02.07.01,OTRAS CUENTAS POR COBRAR RELACIONADAS,TRUE,asset_receivable,ec1010207
ec1010208,1.01.02.08.,OTRAS CUENTAS POR COBRAR,FALSE,view,ec10102
ec101020801,1.01.02.08.01,OTRAS CUENTAS POR COBRAR ANTICIPO EMPLEADO,TRUE,asset_receivable,ec1010208
ec101020802,1.01.02.08.02,OTRAS CUENTAS POR COBRAR PRESTAMO EMPLEADOS,TRUE,asset_receivable,ec1010208
ec101020803,1.01.02.08.03,DEVOLUNCIONES RETENCIONES CLIENTES ATRAZADAS,TRUE,asset_receivable,ec1010208
ec1010209,1.01.02.09.,PROVISIÓN CUENTAS INCOBRABLES,FALSE,view,ec1010208
ec101020901,1.01.02.09.01,PROVISIÓN CUENTAS INCOBRABLES,FALSE,asset_non_current,ec1010209
ec10103,1.01.03.,INVENTARIOS,FALSE,view,ec101
ec1010301,1.01.03.01.,INVENTARIOS DE MATERIA PRIMA,FALSE,view,ec10103
ec101030101,1.01.03.01.01,INVENTARIOS DE MATERIA PRIMA,FALSE,asset_current,ec1010301
ec1010302,1.01.03.02.,INVENTARIOS DE PRODUCTOS EN PROCESO,FALSE,view,ec10103
ec101030201,1.01.03.02.01,INVENTARIOS DE PRODUCTOS EN PROCESO,FALSE,asset_current,ec1010302
ec1010303,1.01.03.03.,INVENTARIOS DE SUMINISTROS O MATERIALES A SER CONSUMIDOS EN EL PROCESO DE PRODUCCION,FALSE,view,ec10103
ec101030301,1.01.03.03.01,INVENTARIOS DE SUMINISTROS O MATERIALES A SER CONSUMIDOS EN EL PROCESO DE PRODUCCION,FALSE,asset_current,ec1010303
ec1010304,1.01.03.04.,INVENTARIOS DE SUMINISTROS O MATERIALES A SER CONSUMIDOS EN LA PRESTACION DEL SERVICIO,FALSE,view,ec10103
ec101030401,1.01.03.04.01,INVENTARIOS DE SUMINISTROS O MATERIALES A SER CONSUMIDOS EN LA PRESTACION DEL SERVICIO,FALSE,asset_current,ec1010304
ec1010305,1.01.03.05.,INVENTARIOS DE PROD. TERM. Y MERCAD. EN ALMACÉN - PRODUCIDO POR LA COMPAÑÍA,FALSE,view,ec10103
ec101030501,1.01.03.05.01,INVENTARIOS DE PROD. TERM. Y MERCAD. EN ALMACÉN - PRODUCIDO POR LA COMPAÑÍA,FALSE,asset_current,ec1010305
ec1010306,1.01.03.06.,INVENTARIOS DE PROD. TERM. Y MERCAD. EN ALMACÉN - COMPRADO A TERCEROS,FALSE,view,ec10103
ec101030601,1.01.03.06.01,INVENTARIOS DE PROD. TERM. Y MERCAD. EN ALMACÉN - COMPRADO A TERCEROS 12%,FALSE,asset_current,ec1010306
ec101030602,1.01.03.06.02,INVENTARIOS DE PROD. TERM. Y MERCAD. EN ALMACÉN - COMPRADO A TERCEROS 0%,FALSE,asset_current,ec1010306
ec101030603,1.01.03.06.03,INVENTARIOS DE PROD. TERM. Y MERCAD. EN ALMACÉN - COMPRADO A DE TERCEROS,FALSE,asset_current,ec1010306
ec1010307,1.01.03.07.,MERCADERÍAS EN TRÁNSITO,FALSE,view,ec1010306
ec101030701,1.01.03.07.01,MERCADERÍAS EN TRÁNSITO,FALSE,asset_current,ec1010307
ec1010308,1.01.03.08.,OBRAS EN CONSTRUCCION,FALSE,view,ec10103
ec101030801,1.01.03.08.01,OBRAS EN CONSTRUCCION,FALSE,asset_current,ec1010308
ec1010309,1.01.03.09.,"INVENTARIOS REPUESTOS, HERRAMIENTAS Y ACCESORIOS",FALSE,view,ec10103
ec101030901,1.01.03.09.01,"INVENTARIOS REPUESTOS, HERRAMIENTAS Y ACCESORIOS",FALSE,asset_current,ec1010309
ec1010310,1.01.03.10.,OTROS INVENTARIOS,FALSE,view,ec10103
ec101031001,1.01.03.10.01,OTROS INVENTARIOS,FALSE,asset_current,ec1010310
ec1010311,1.01.03.11.,PROVISIÓN DE INVENTARIOS POR VALOR NETO DE REALIZACIÓN,FALSE,view,ec10103
ec101031101,1.01.03.11.01,PROVISIÓN DE INVENTARIOS POR VALOR NETO DE REALIZACIÓN,FALSE,asset_current,ec1010311
ec1010312,1.01.03.12.,PROVISIÓN DE INVENTARIOS POR DETERIORO,FALSE,view,ec10103
ec101031201,1.01.03.12.01,PROVISIÓN DE INVENTARIOS POR DETERIORO,FALSE,asset_current,ec1010312
ec10104,1.01.04.,SERVICIOS Y OTROS PAGOS ANTICIPADOS,FALSE,view,ec101
ec1010401,1.01.04.01.,SEGUROS PAGADOS POR ANTICIPADO,FALSE,view,ec10104
ec101040101,1.01.04.01.01,SEGUROS PAGADOS POR ANTICIPADO,TRUE,asset_prepayments,ec1010401
ec1010402,1.01.04.02.,ARRIENDOS PAGADOS POR ANTICIPADO,FALSE,view,ec10104
ec101040201,1.01.04.02.01,ARRIENDOS PAGADOS POR ANTICIPADO,TRUE,asset_prepayments,ec1010402
ec1010403,1.01.04.03.,ANTICIPOS A PROVEEDORES,FALSE,view,ec10104
ec101040301,1.01.04.03.01,ANTICIPOS A PROVEEDORES,TRUE,asset_prepayments,ec1010403
ec1010404,1.01.04.04.,OTROS ANTICIPOS ENTREGADOS,FALSE,view,ec10104
ec_other_downpayments,1.01.04.04.01,OTROS ANTICIPOS ENTREGADOS,TRUE,asset_prepayments,ec1010404
ec1010405,1.01.04.05.,IMPORTACIONES,FALSE,view,ec10104
ec_clearance,1.01.04.05.01,IMPORTACIONES EN TRANSITO,FALSE,expense,ec1010405
ec101040402,1.01.04.04.02,ANTICIPO EMPLEADOS,TRUE,asset_receivable,ec1010404
ec10105,1.01.05.,ACTIVOS POR IMPUESTOS CORRIENTES,FALSE,view,ec101
ec1010501,1.01.05.01.,CRÉDITO TRIBUTARIO A FAVOR DE LA EMPRESA (IVA),FALSE,view,ec10105
ec101050101,1.01.05.01.01,CRÉDITO TRIBUTARIO A FAVOR DE LA EMPRESA (IVA),FALSE,asset_current,ec1010501
ec_purchase_vat,1.01.05.01.02,IVA PAGADO EN COMPRAS LOCALES,FALSE,asset_current,ec1010501
ec_purchase_vat_assets,1.01.05.01.03,IVA PAGADO EN COMPRAS LOCALES DE ACTIVOS FIJOS,FALSE,asset_current,ec1010501
ec_purchase_vat_service_imports,1.01.05.01.04,IVA PAGADO EN IMPORTACION DE SERVICIOS,FALSE,asset_current,ec1010501
ec_purchase_vat_goods_imports,1.01.05.01.05,IVA PAGADO EN IMPORTACION DE BIENES,FALSE,asset_current,ec1010501
ec_purchase_vat_assets_imports,1.01.05.01.06,IVA PAGADO EN IMPORTACION DE ACTIVOS FIJOS,FALSE,asset_current,ec1010501
ec_sale_vat_outstanding_withholds,1.01.05.01.07,IVA PAGADO EN RETENCIONES DE LA FUENTE,FALSE,asset_current,ec1010501
ec_purchase_vat_zero,1.01.05.01.08,IVA EN COMPRAS 0%,FALSE,asset_current,ec1010501
ec1010502,1.01.05.02.,CRÉDITO TRIBUTARIO A FAVOR DE LA EMPRESA ( I. R.),FALSE,view,ec10105
ec101050201,1.01.05.02.01,CRÉDITO TRIBUTARIO A FAVOR DE LA EMPRESA ( I. R.),FALSE,asset_current,ec1010502
ec1010503,1.01.05.03.,ANTICIPO DE IMPUESTO A LA RENTA,FALSE,view,ec10105
ec101050301,1.01.05.03.01,ANTICIPO DE IMPUESTO A LA RENTA,TRUE,asset_receivable,ec1010503
ec10106,1.01.06.,ACTIVOS NO CORRIENTES MANTENIDOS PARA LA VENTA Y OPERACIONES DISCONTINUADAS,FALSE,view,ec101
ec1010601,1.01.06.01,ACTIVOS NO CORRIENTES MANTENIDOS PARA LA VENTA Y OPERACIONES DISCONTINUADAS,FALSE,asset_current,ec10106
ec10107,1.01.07.,OTROS ACTIVOS CORRIENTES,FALSE,view,ec101
ec1010701,1.01.07.01,OTROS ACTIVOS CORRIENTES,FALSE,asset_current,ec10107
ec_sale_profit_withhold,1.01.07.02,RETENCIONES EN LA FUENTE PAGADAS,FALSE,asset_current,ec10107
ec102,1.02.,ACTIVO NO CORRIENTE,FALSE,view,ecpuc
ec10201,1.02.01.,"PROPIEDADES, PLANTA Y EQUIPO",FALSE,view,ec102
ec1020101,1.02.01.01.,TERRENOS,FALSE,view,ec10201
ec102010101,1.02.01.01.01,TERRENOS,FALSE,asset_fixed,ec1020101
ec1020102,1.02.01.02.,EDIFICIOS,FALSE,view,ec10201
ec102010201,1.02.01.02.01,EDIFICIOS,FALSE,asset_fixed,ec1020102
ec1020103,1.02.01.03.,CONTRUCCIONES EN CURSO,FALSE,view,ec10201
ec102010301,1.02.01.03.01,CONTRUCCIONES EN CURSO,FALSE,asset_fixed,ec1020103
ec1020104,1.02.01.04.,INSTALACIONES,FALSE,view,ec10201
ec102010401,1.02.01.04.01,INSTALACIONES,FALSE,asset_fixed,ec1020104
ec1020105,1.02.01.05.,MUEBLES Y ENSERES,FALSE,view,ec10201
ec102010501,1.02.01.05.01,MUEBLES Y ENSERES,FALSE,asset_fixed,ec1020105
ec1020106,1.02.01.06.,MAQUINARIA Y EQUIPO,FALSE,view,ec10201
ec102010601,1.02.01.06.01,MAQUINARIA Y EQUIPO,FALSE,asset_fixed,ec1020106
ec1020107,1.02.01.07.,"NAVES, AERONAVES, BARCAZAS Y SIMILARES",FALSE,view,ec10201
ec102010701,1.02.01.07.01,"NAVES, AERONAVES, BARCAZAS Y SIMILARES",FALSE,asset_fixed,ec1020107
ec1020108,1.02.01.08.,EQUIPO DE COMPUTACIÓN,FALSE,view,ec10201
ec102010801,1.02.01.08.01,EQUIPO DE COMPUTACIÓN,FALSE,asset_fixed,ec1020108
ec1020109,1.02.01.09.,"VEHÍCULOS, EQUIPOS DE TRANSPORTE Y EQUIPO CAMINERO MÓVIL",FALSE,view,ec10201
ec102010901,1.02.01.09.01,"VEHÍCULOS, EQUIPOS DE TRANSPORTE Y EQUIPO CAMINERO MÓVIL",FALSE,asset_fixed,ec1020109
ec1020110,1.02.01.10.,"OTROS PROPIEDADES, PLANTA Y EQUIPO",FALSE,view,ec10201
ec102011001,1.02.01.10.01,"OTROS PROPIEDADES, PLANTA Y EQUIPO",FALSE,asset_fixed,ec1020110
ec1020111,1.02.01.11.,REPUESTOS Y HERRAMIENTAS,FALSE,view,ec10201
ec102011101,1.02.01.11.01,REPUESTOS Y HERRAMIENTAS,FALSE,asset_fixed,ec1020111
ec1020112,1.02.01.12.,"DEPRECIACIÓN ACUMULADA PROPIEDADES, PLANTA Y EQUIPO",FALSE,view,ec10201
ec102011201,1.02.01.12.01,"DEPRECIACIÓN ACUMULADA PROPIEDADES, PLANTA Y EQUIPO",FALSE,asset_fixed,ec1020112
ec1020113,1.02.01.13.,"DETERIORO  ACUMULADO DE PROPIEDADES, PLANTA Y EQUIPO",FALSE,view,ec10201
ec102011301,1.02.01.13.01,"DETERIORO  ACUMULADO DE PROPIEDADES, PLANTA Y EQUIPO",FALSE,asset_fixed,ec1020113
ec1020114,1.02.01.14.,ACTIVOS DE EXPLORACION Y EXPLOTACION,FALSE,view,ec10201
ec102011401,1.02.01.14.01.,ACTIVOS DE EXPLORACION Y EXPLOTACION,FALSE,view,ec1020114
ec10201140101,1.02.01.14.01.01,ACTIVOS DE EXPLORACION Y EXPLOTACION,FALSE,asset_fixed,ec102011401
ec102011402,1.02.01.14.02.,AMORTIZACION ACUMULADA DE ACTIVOS DE EXPLORACIÓN Y EXPLOTACIÓN,FALSE,view,ec1020114
ec10201140201,1.02.01.14.02.01,AMORTIZACION ACUMULADA DE ACTIVOS DE EXPLORACIÓN Y EXPLOTACIÓN,FALSE,asset_fixed,ec102011402
ec102011403,1.02.01.14.03.,DETERIORO  ACUMULADO DE ACTIVOS DE EXPLORACIÓN Y EXPLOTACIÓN,FALSE,view,ec1020114
ec10201140301,1.02.01.14.03.01,DETERIORO  ACUMULADO DE ACTIVOS DE EXPLORACIÓN Y EXPLOTACIÓN,FALSE,asset_fixed,ec102011403
ec10202,1.02.02.,PROPIEDADES DE INVERSIÓN,FALSE,view,ec102
ec1020201,1.02.02.01.,TERRENOS,FALSE,view,ec10202
ec102020101,1.02.02.01.01,TERRENOS,FALSE,asset_fixed,ec1020201
ec1020202,1.02.02.02.,EDIFICIOS,FALSE,view,ec10202
ec102020201,1.02.02.02.01,EDIFICIOS,FALSE,asset_fixed,ec1020202
ec1020203,1.02.02.03.,DEPRECIACION ACUMULADA DE PROPIEDADES DE INVERSIÓN,FALSE,view,ec10202
ec102020301,1.02.02.03.01,DEPRECIACION ACUMULADA DE PROPIEDADES DE INVERSIÓN,FALSE,asset_fixed,ec1020203
ec1020204,1.02.02.04.,DETERIORO ACUMULADO DE PROPIEDADES DE INVERSIÓN,FALSE,view,ec10202
ec102020401,1.02.02.04.01,DETERIORO ACUMULADO DE PROPIEDADES DE INVERSIÓN,FALSE,asset_fixed,ec1020204
ec10203,1.02.03.,ACTIVOS BIOLOGICOS,FALSE,view,ec102
ec1020301,1.02.03.01.,ANIMALES VIVOS EN CRECIMIENTO,FALSE,view,ec10203
ec102030101,1.02.03.01.01,ANIMALES VIVOS EN CRECIMIENTO,FALSE,asset_current,ec1020301
ec1020302,1.02.03.02.,ANIMALES VIVOS EN PRODUCCION,FALSE,view,ec10203
ec102030201,1.02.03.02.01,ANIMALES VIVOS EN PRODUCCION,FALSE,asset_current,ec1020302
ec1020303,1.02.03.03.,PLANTAS EN CRECIMIENTO,FALSE,view,ec10203
ec102030301,1.02.03.03.01,PLANTAS EN CRECIMIENTO,FALSE,asset_current,ec1020303
ec1020304,1.02.03.04.,PLANTAS EN PRODUCCION,FALSE,view,ec10203
ec102030401,1.02.03.04.01,PLANTAS EN PRODUCCION,FALSE,asset_current,ec1020304
ec1020305,1.02.03.05.,DEPRECIACION ACUMULADA DE ACTIVOS BIOLÓGICOS,FALSE,view,ec10203
ec102030501,1.02.03.05.01,DEPRECIACION ACUMULADA DE ACTIVOS BIOLÓGICOS,FALSE,asset_current,ec1020305
ec1020306,1.02.03.06.,DETERIORO ACUMULADO DE ACTIVOS BIOLOGÍCOS,FALSE,view,ec10203
ec102030601,1.02.03.06.01,DETERIORO ACUMULADO DE ACTIVOS BIOLOGÍCOS,FALSE,asset_current,ec1020306
ec10204,1.02.04.,ACTIVO INTANGIBLE,FALSE,view,ec102
ec1020401,1.02.04.01.,PLUSVALÍAS,FALSE,view,ec10204
ec102040101,1.02.04.01.01,PLUSVALÍAS,FALSE,asset_current,ec1020401
ec1020402,1.02.04.02.,"MARCAS, PATENTES, DERECHOS DE LLAVE  CUOTAS PATRIMONIALES Y OTROS SIMILARES",FALSE,view,ec10204
ec102040201,1.02.04.02.01,"MARCAS, PATENTES, DERECHOS DE LLAVE  CUOTAS PATRIMONIALES Y OTROS SIMILARES",FALSE,asset_current,ec1020402
ec1020403,1.02.04.03.,ACTIVOS DE EXPLORACION Y EXPLOTACION,FALSE,view,ec10204
ec102040301,1.02.04.03.01,ACTIVOS DE EXPLORACION Y EXPLOTACION,FALSE,asset_current,ec1020403
ec1020404,1.02.04.04.,AMORTIZACIÓN ACUMULADA DE ACTIVOS INTANGIBLE,FALSE,view,ec10204
ec102040401,1.02.04.04.01,AMORTIZACIÓN ACUMULADA DE ACTIVOS INTANGIBLE,FALSE,asset_current,ec1020404
ec1020405,1.02.04.05.,DETERIORO ACUMULADO DE ACTIVO INTANGIBLE,FALSE,view,ec10204
ec102040501,1.02.04.05.01,DETERIORO ACUMULADO DE ACTIVO INTANGIBLE,FALSE,asset_current,ec1020405
ec1020406,1.02.04.06.,OTROS INTANGIBLES,FALSE,view,ec10204
ec102040601,1.02.04.06.01,OTROS INTANGIBLES,FALSE,asset_current,ec1020406
ec10205,1.02.05.,ACTIVOS POR IMPUESTOS DIFERIDOS,FALSE,view,ec102
ec1020501,1.02.05.01,ACTIVOS POR IMPUESTOS DIFERIDOS,FALSE,asset_non_current,ec10205
ec10206,1.02.06.,ACTIVOS FINANCIEROS NO CORRIENTES,FALSE,view,ec102
ec1020601,1.02.06.01.,ACTIVOS FINANCIEROS MANTENIDOS HASTA EL VENCIMIENTO,FALSE,view,ec10206
ec102060101,1.02.06.01.01,ACTIVOS FINANCIEROS MANTENIDOS HASTA EL VENCIMIENTO,FALSE,asset_non_current,ec1020601
ec1020602,1.02.06.02.,PROVISION POR DETERIORO DE ACTIVOS FINANCIEROS MANTENIDOS HASTA EL VENCIMIENTO,FALSE,view,ec10206
ec102060201,1.02.06.02.01,PROVISION POR DETERIORO DE ACTIVOS FINANCIEROS MANTENIDOS HASTA EL VENCIMIENTO,FALSE,asset_non_current,ec1020602
ec1020603,1.02.06.03.,DOCUMENTOS Y CUENTAS POR COBRAR,FALSE,view,ec10206
ec102060301,1.02.06.03.01,DOCUMENTOS Y CUENTAS POR COBRAR,TRUE,asset_receivable,ec1020603
ec1020604,1.02.06.04.,PROVISIÓN CUENTAS INCOBRABLES DE ACTIVOS FINANCIEROS NO CORRIENTES,FALSE,view,ec10206
ec102060401,1.02.06.04.01,PROVISIÓN CUENTAS INCOBRABLES DE ACTIVOS FINANCIEROS NO CORRIENTES,FALSE,asset_non_current,ec1020604
ec10207,1.02.07.,OTROS ACTIVOS NO CORRIENTES,FALSE,view,ec102
ec1020701,1.02.07.01.,INVERSIONES SUBSIDIARIAS,FALSE,view,ec10207
ec102070101,1.02.07.01.01,INVERSIONES SUBSIDIARIAS,FALSE,asset_non_current,ec1020701
ec1020702,1.02.07.02.,INVERSIONES ASOCIADAS,FALSE,view,ec10207
ec102070201,1.02.07.02.01,INVERSIONES ASOCIADAS,FALSE,asset_non_current,ec1020702
ec1020703,1.02.07.03.,INVERSIONES NEGOCIOS CONJUNTOS,FALSE,view,ec10207
ec102070301,1.02.07.03.01,INVERSIONES NEGOCIOS CONJUNTOS,FALSE,asset_non_current,ec1020703
ec1020704,1.02.07.04.,OTRAS INVERSIONES,FALSE,view,ec10207
ec102070401,1.02.07.04.01,OTRAS INVERSIONES,FALSE,asset_non_current,ec1020704
ec1020705,1.02.07.05.,PROVISIÓN VALUACIÓN DE INVERSIONES,FALSE,view,ec10207
ec102070501,1.02.07.05.01,PROVISIÓN VALUACIÓN DE INVERSIONES,FALSE,asset_non_current,ec1020705
ec1020706,1.02.07.06.,OTROS ACTIVOS NO CORRIENTES,FALSE,view,ec10207
ec102070601,1.02.07.06.01,OTROS ACTIVOS NO CORRIENTES,FALSE,asset_non_current,ec1020706
ec2,2,PASIVO,FALSE,view,ecpuc
ec201,2.01.,PASIVO CORRIENTE,FALSE,view,ec2
ec20101,2.01.01.,PASIVOS FINANCIEROS A VALOR RAZONABLE CON CAMBIOS EN RESULTADOS,FALSE,view,ec201
ec2010101,2.01.01.01,PASIVOS FINANCIEROS A VALOR RAZONABLE CON CAMBIOS EN RESULTADOS,FALSE,liability_current,ec20101
ec20102,2.01.02.,PASIVOS POR CONTRATOS DE ARRENDAMIENTO FINANCIEROS,FALSE,view,ec201
ec2010201,2.01.02.01,PASIVOS POR CONTRATOS DE ARRENDAMIENTO FINANCIEROS,FALSE,liability_current,ec20102
ec20103,2.01.03.,CUENTAS Y DOCUMENTOS POR PAGAR,FALSE,view,ec201
ec2010301,2.01.03.01.,LOCALES,FALSE,view,ec20103
ec201030101,2.01.03.01.01,LOCALES,FALSE,asset_fixed,ec2010301
ec201030102,2.01.03.01.02,TRANSITORIA CAJA,FALSE,liability_current,ec2010301
ec201030103,2.01.03.01.03,TRANSITORIA BANCO,FALSE,liability_current,ec2010301
ec201030110,2.01.03.01.10,"DOCUMENTOS POR PAGAR ""CHP""",TRUE,liability_payable,ec2010301
ec201030111,2.01.03.01.11,CRUCE PROVEEDORES CLIENTES,FALSE,asset_current,ec2010301
ec_sale_vat,2.01.03.01.12,IVA COBRADO EN VENTAS LOCALES,FALSE,liability_current,ec2010301
ec_sale_vat_assets,2.01.03.01.13,IVA COBRADO EN VENTAS DE ACTIVOS FIJOS,FALSE,liability_current,ec2010301
ec_sale_vat_goods_exports,2.01.03.01.14,IVA COBRADO EN EXPORTACION DE BIENES,FALSE,liability_current,ec2010301
ec_sale_vat_services_exports,2.01.03.01.15,IVA COBRADO EN EXPORTACION DE SERVICIOS,FALSE,liability_current,ec2010301
ec_sale_vat_zero,2.01.03.01.16,IVA EN VENTAS 0%,FALSE,liability_current,ec2010301
ret_ir_1x100,2.01.03.01.17,RETENCIONES DE LA FUENTE 1%,FALSE,liability_current,ec2010301
ret_ir_1_75x100,2.01.03.01.18,RETENCIONES DE LA FUENTE 1.75%,FALSE,liability_current,ec2010301
ret_ir_2x100,2.01.03.01.19,RETENCIONES DE LA FUENTE 2%,FALSE,liability_current,ec2010301
ret_ir_2_75x100,2.01.03.01.20,RETENCIONES DE LA FUENTE 2.75%,FALSE,liability_current,ec2010301
ret_ir_5x100,2.01.03.01.21,RETENCIONES DE LA FUENTE 5%,FALSE,liability_current,ec2010301
ret_ir_8x100,2.01.03.01.22,RETENCIONES DE LA FUENTE 8%,FALSE,liability_current,ec2010301
ret_ir_10x100,2.01.03.01.23,RETENCIONES DE LA FUENTE 10%,FALSE,liability_current,ec2010301
ret_ir_15x100,2.01.03.01.24,RETENCIONES DE LA FUENTE 15%,FALSE,liability_current,ec2010301
ret_ir_22x100,2.01.03.01.25,RETENCIONES DE LA FUENTE 22%,FALSE,liability_current,ec2010301
ret_ir_others,2.01.03.01.26,OTRAS RETENCIONES,FALSE,liability_current,ec2010301
ec_vat_withhold_10,2.01.03.01.27,RETENCIONES DE IVA 10%,FALSE,liability_current,ec2010301
ec_vat_withhold_20,2.01.03.01.28,RETENCIONES DE IVA 20%,FALSE,liability_current,ec2010301
ec_vat_withhold_30,2.01.03.01.29,RETENCIONES DE IVA 30%,FALSE,liability_current,ec2010301
ec_vat_withhold_50,2.01.03.01.30,RETENCIONES DE IVA 50%,FALSE,liability_current,ec2010301
ec_vat_withhold_70,2.01.03.01.31,RETENCIONES DE IVA 70%,FALSE,liability_current,ec2010301
ec_vat_withhold_100,2.01.03.01.32,RETENCIONES DE IVA 100%,FALSE,liability_current,ec2010301
ec_vat_withhold_others,2.01.03.01.33,OTRAS RETENCIONES,FALSE,liability_current,ec2010301
ec2010302,2.01.03.02.,DEL EXTERIOR,FALSE,view,ec20103
ec201030201,2.01.03.02.01,DEL EXTERIOR,FALSE,liability_current,ec2010302
ec20104,2.01.04.,OBLIGACIONES CON INSTITUCIONES FINANCIERAS,FALSE,view,ec201
ec2010401,2.01.04.01.,LOCALES,FALSE,view,ec20104
ec201040101,2.01.04.01.01,LOCALES,FALSE,asset_fixed,ec2010401
ec201040102,2.01.04.01.02,OBLIGACIONES CON INSTITUCIONES FINANCIERAS GB,TRUE,liability_payable,ec2010401
ec2010402,2.01.04.02.,DEL EXTERIOR,FALSE,view,ec20104
ec201040201,2.01.04.02.01,DEL EXTERIOR,FALSE,liability_current,ec2010402
ec20105,2.01.05.,PROVISIONES,FALSE,view,ec201
ec2010501,2.01.05.01.,LOCALES,FALSE,view,ec20105
ec201050101,2.01.05.01.01,LOCALES,FALSE,asset_fixed,ec2010501
ec2010502,2.01.05.02.,DEL EXTERIOR,FALSE,view,ec20105
ec201050201,2.01.05.02.01,DEL EXTERIOR,FALSE,liability_current,ec2010502
ec20106,2.01.06.,PORCIÓN CORRIENTE DE OBLIGACIONES EMITIDAS,FALSE,view,ec201
ec2010601,2.01.06.01,PORCIÓN CORRIENTE DE OBLIGACIONES EMITIDAS,FALSE,liability_current,ec20106
ec20107,2.01.07.,OTRAS OBLIGACIONES CORRIENTES,FALSE,view,ec201
ec2010701,2.01.07.01.,CON LA ADMINISTRACIÓN TRIBUTARIA,FALSE,view,ec20107
ec201070101,2.01.07.01.01,IVA POR PAGAR 30%,FALSE,liability_current,ec2010701
ec201070102,2.01.07.01.02,IVA POR PAGAR 70%,FALSE,liability_current,ec2010701
ec201070103,2.01.07.01.03,IVA POR PAGAR 100%,FALSE,liability_current,ec2010701
ec201070104,2.01.07.01.04,IMPTO  RENTA POR PAGAR,FALSE,asset_current,ec2010701
ec201070105,2.01.07.01.05,IVA EN VENTAS POR PAGAR,FALSE,asset_current,ec2010701
ec201070106,2.01.07.01.06,ANT. IMP. REN. POR PAGAR,FALSE,asset_current,ec2010701
ec201070107,2.01.07.01.07,ANTICIPO A LA RENTA POR PAGAR,FALSE,asset_current,ec2010701
ec201070108,2.01.07.01.08,EN RELAC. DE DEP. SUP O NO BAS (302),FALSE,asset_current,ec2010701
ec201070109,2.01.07.01.09,10% HONORARIOS PROFESIONALES (303),FALSE,asset_current,ec2010701
ec201070110,2.01.07.01.10,8% PREDOMINA INTELECTO (304),FALSE,asset_current,ec2010701
ec201070111,2.01.07.01.11,2% PREDOMINA MANO OBRA (307),FALSE,asset_current,ec2010701
ec201070112,2.01.07.01.12,1% ENTRE SOCIEDADES (308),FALSE,asset_current,ec2010701
ec201070113,2.01.07.01.13,1% PUBLICIDAD Y COMUNICACION (309),FALSE,asset_current,ec2010701
ec201070114,2.01.07.01.14,1% TRANSP. PRIV. PUB. CARGA PE (310),FALSE,asset_current,ec2010701
ec201070115,2.01.07.01.15,1% TRANSF BIENES MUEB. NAT COR (312),FALSE,asset_current,ec2010701
ec201070116,2.01.07.01.16,1% OTRAS RETENCIONES (340),FALSE,asset_current,ec2010701
ec201070117,2.01.07.01.17,2% OTRAS RETENCIONES (341),FALSE,asset_current,ec2010701
ec201070118,2.01.07.01.18,8% OTRAS RETENCIONES (342),FALSE,asset_current,ec2010701
ec201070119,2.01.07.01.19,25%  OTRAS RETENCIONES (343),FALSE,asset_current,ec2010701
ec201070120,2.01.07.01.20,ARRENDAMIENTO BIENES INMUEBLES 8% (320),FALSE,asset_current,ec2010701
ec2010702,2.01.07.02.,IMPUESTO A LA RENTA POR PAGAR DEL EJERCICIO,FALSE,view,ec20107
ec201070201,2.01.07.02.01,IMPUESTO A LA RENTA POR PAGAR DEL EJERCICIO,TRUE,liability_payable,ec2010702
ec201070202,2.01.07.02.02,IMPUESTO A LA RENTA EMPLEADOS POR PAGAR,FALSE,liability_current,ec2010702
ec2010703,2.01.07.03.,CON EL IESS,FALSE,view,ec20107
ec201070301,2.01.07.03.01,CON EL IESS,FALSE,asset_current,ec2010703
ec201070302,2.01.07.03.02,PRESTAMOS IEES POR PAGAR,FALSE,liability_current,ec2010703
ec201070303,2.01.07.03.03,FONDOS DE RESERVA POR PAGAR,FALSE,liability_current,ec2010703
ec2010704,2.01.07.04.,POR BENEFICIOS DE LEY A EMPLEADOS,FALSE,view,ec20107
ec201070401,2.01.07.04.01,POR BENEFICIOS DE LEY A EMPLEADOS,FALSE,liability_current,ec2010704
ec2010705,2.01.07.05.,TRABAJADORES POR PAGAR,FALSE,view,ec20107
ec201070501,2.01.07.05.01,SUELDOS POR PAGAR,TRUE,liability_payable,ec2010705
ec201070502,2.01.07.05.02,PARTICIPACIÓN TRABAJADORES POR PAGAR DEL EJERCICIO,TRUE,liability_payable,ec2010705
ec201070503,2.01.07.05.03,VACACIONES POR PAGAR,TRUE,liability_payable,ec2010705
ec201070504,2.01.07.05.04,AGASAJOS POR PAGAR,TRUE,liability_payable,ec2010705
ec201070505,2.01.07.05.05,COMISARIATO POR PAGAR,TRUE,liability_payable,ec2010705
ec2010706,2.01.07.06.,DIVIDENDOS POR PAGAR,FALSE,view,ec20107
ec201070601,2.01.07.06.01,DIVIDENDOS POR PAGAR,TRUE,liability_payable,ec2010706
ec20108,2.01.08.,CUENTAS POR PAGAR DIVERSAS/RELACIONADAS,FALSE,view,ec201
ec2010801,2.01.08.01.,CUENTAS POR PAGAR DIVERSAS/RELACIONADAS,FALSE,view,ec20108
ec201080101,2.01.08.01.01,CUENTAS POR PAGAR DIVERSAS/RELACIONADAS,TRUE,liability_payable,ec2010801
ec20109,2.01.09.,OTROS PASIVOS FINANCIEROS,FALSE,view,ec201
ec2010901,2.01.09.01,OTROS PASIVOS FINANCIEROS,TRUE,liability_payable,ec20109
ec20110,2.01.10.,ANTICIPOS DE CLIENTES,FALSE,view,ec201
ec2011001,2.01.10.01,ANTICIPOS DE CLIENTES,TRUE,liability_payable,ec20110
ec20111,2.01.11.,PASIVOS DIRECTAMENTE ASOCIADOS CON LOS ACTIVOS NO CORRIENTES Y OPERACIONES DISCONTINUADAS,FALSE,view,ec201
ec2011101,2.01.11.01,PASIVOS DIRECTAMENTE ASOCIADOS CON LOS ACTIVOS NO CORRIENTES Y OPERACIONES DISCONTINUADAS,FALSE,liability_current,ec20111
ec20112,2.01.12.,PORCION CORRIENTE DE PROVISIONES POR BENEFICIOS A EMPLEADOS,FALSE,view,ec201
ec2011201,2.01.12.01.,JUBILACION PATRONAL,FALSE,view,ec20112
ec201120101,2.01.12.01.01,JUBILACION PATRONAL,FALSE,liability_current,ec2011201
ec2011202,2.01.12.02.,OTROS BENEFICIOS A LARGO PLAZO PARA LOS EMPLEADOS,FALSE,view,ec20112
ec201120201,2.01.12.02.01,OTROS BENEFICIOS A LARGO PLAZO PARA LOS EMPLEADOS,TRUE,liability_payable,ec2011202
ec20113,2.01.13.,OTROS PASIVOS CORRIENTES,FALSE,view,ec201
ec2011301,2.01.13.01,OTROS PASIVOS CORRIENTES,FALSE,liability_current,ec20113
ec202,2.02.,PASIVO NO CORRIENTE,FALSE,view,ec2
ec20201,2.02.01.,PASIVOS POR CONTRATOS DE ARRENDAMIENTO FINANCIERO,FALSE,view,ec202
ec2020101,2.02.01.01,PASIVOS POR CONTRATOS DE ARRENDAMIENTO FINANCIERO,TRUE,liability_payable,ec20201
ec20202,2.02.02.,CUENTAS Y DOCUMENTOS POR PAGAR,FALSE,view,ec202
ec2020201,2.02.02.01.,LOCALES,FALSE,view,ec20202
ec202020101,2.02.02.01.01,LOCALES,FALSE,asset_current,ec2020201
ec2020202,2.02.02.02.,DEL EXTERIOR,FALSE,view,ec20202
ec202020201,2.02.02.02.01,DEL EXTERIOR,FALSE,asset_current,ec2020202
ec20203,2.02.03.,OBLIGACIONES CON INSTITUCIONES FINANCIERAS,FALSE,view,ec202
ec2020301,2.02.03.01.,LOCALES,FALSE,view,ec20203
ec202030101,2.02.03.01.01,LOCALES,FALSE,asset_current,ec2020301
ec2020302,2.02.03.02.,DEL EXTERIOR,FALSE,view,ec20203
ec202030201,2.02.03.02.01,DEL EXTERIOR,FALSE,asset_current,ec2020302
ec20204,2.02.04.,CUENTAS POR PAGAR DIVERSAS/RELACIONADAS,FALSE,view,ec202
ec2020401,2.02.04.01.,LOCALES,FALSE,view,ec20204
ec202040101,2.02.04.01.01,LOCALES,FALSE,asset_current,ec2020401
ec2020402,2.02.04.02.,DEL EXTERIOR,FALSE,view,ec20204
ec202040201,2.02.04.02.01,DEL EXTERIOR,FALSE,asset_current,ec2020402
ec20205,2.02.05.,OBLIGACIONES EMITIDAS,FALSE,view,ec202
ec2020501,2.02.05.01,OBLIGACIONES EMITIDAS,FALSE,liability_current,ec20205
ec20206,2.02.06.,ANTICIPOS DE CLIENTES,FALSE,view,ec202
ec2020601,2.02.06.01,ANTICIPOS DE CLIENTES,TRUE,liability_payable,ec20206
ec20207,2.02.07.,PROVISIONES POR BENEFICIOS A EMPLEADOS,FALSE,view,ec202
ec2020701,2.02.07.01.,JUBILACION PATRONAL,FALSE,view,ec20207
ec202070101,2.02.07.01.01,JUBILACION PATRONAL,TRUE,liability_payable,ec2020701
ec2020702,2.02.07.02.,OTROS BENEFICIOS NO CORRIENTES PARA LOS EMPLEADOS,FALSE,view,ec20207
ec202070201,2.02.07.02.01,OTROS BENEFICIOS NO CORRIENTES PARA LOS EMPLEADOS,TRUE,liability_payable,ec2020702
ec20208,2.02.08.,OTRAS PROVISIONES,FALSE,view,ec202
ec2020801,2.02.08.01,OTRAS PROVISIONES,TRUE,liability_payable,ec20208
ec20209,2.02.09.,PASIVO DIFERIDO,FALSE,view,ec202
ec2020901,2.02.09.01.,INGRESOS DIFERIDOS,FALSE,view,ec20209
ec202090101,2.02.09.01.01,INGRESOS DIFERIDOS,TRUE,liability_payable,ec2020901
ec2020902,2.02.09.02.,PASIVOS POR IMPUESTOS DIFERIDOS,FALSE,view,ec20209
ec202090201,2.02.09.02.01,PASIVOS POR IMPUESTOS DIFERIDOS,TRUE,liability_payable,ec2020902
ec20210,2.02.10.,OTROS PASIVOS NO CORRIENTES,FALSE,view,ec202
ec2021001,2.02.10.01,OTROS PASIVOS NO CORRIENTES,FALSE,liability_non_current,ec20210
ec3,3,PATRIMONIO NETO,FALSE,view,ecpuc
ec301,3.01.,CAPITAL,FALSE,view,ec3
ec30101,3.01.01.,CAPITAL SUSCRITO O  ASIGNADO,FALSE,view,ec301
ec3010101,3.01.01.01,CAPITAL SUSCRITO O  ASIGNADO,FALSE,equity,ec30101
ec30102,3.01.02.,"CAPITAL SUSCRITO NO PAGADO, ACCIONES EN TESORERÍA",FALSE,view,ec301
ec3010201,3.01.02.01,"CAPITAL SUSCRITO NO PAGADO, ACCIONES EN TESORERÍA",FALSE,equity,ec30102
ec302,3.02.,APORTES DE SOCIOS O ACCIONISTAS PARA FUTURA CAPITALIZACIÓN,FALSE,view,ec3
ec30201,3.02.01,APORTES DE SOCIOS O ACCIONISTAS PARA FUTURA CAPITALIZACIÓN,FALSE,equity,ec302
ec303,3.03.,PRIMA POR EMISIÓN PRIMARIA DE ACCIONES,FALSE,view,ec3
ec30301,3.03.01,PRIMA POR EMISIÓN PRIMARIA DE ACCIONES,FALSE,equity,ec303
ec304,3.04.,RESERVAS,FALSE,view,ec3
ec30401,3.04.01.,RESERVA LEGAL,FALSE,view,ec304
ec3040101,3.04.01.01,RESERVA LEGAL,FALSE,equity,ec30401
ec30402,3.04.02.,RESERVAS FACULTATIVA Y ESTATUTARIA,FALSE,view,ec304
ec3040201,3.04.02.01,RESERVAS FACULTATIVA Y ESTATUTARIA,FALSE,equity,ec30402
ec30403,3.04.03.,RESERVA DE CAPITAL,FALSE,view,ec304
ec3040301,3.04.03.01,RESERVA DE CAPITAL,FALSE,equity,ec30403
ec30404,3.04.04.,OTRAS RESERVAS,FALSE,view,ec304
ec3040401,3.04.04.01,OTRAS RESERVAS,FALSE,equity,ec30404
ec305,3.05.,OTROS RESULTADOS INTEGRALES,FALSE,view,ec3
ec30501,3.05.01.,SUPERAVIT DE ACTIVOS FINANCIEROS DISPONIBLES PARA LA VENTA,FALSE,view,ec305
ec3050101,3.05.01.01,SUPERAVIT DE ACTIVOS FINANCIEROS DISPONIBLES PARA LA VENTA,FALSE,equity,ec30501
ec30502,3.05.02.,"SUPERAVIT POR REVALUACIÓN DE PROPIEDADES, PLANTA Y EQUIPO",FALSE,view,ec305
ec3050201,3.05.02.01,"SUPERAVIT POR REVALUACIÓN DE PROPIEDADES, PLANTA Y EQUIPO",FALSE,equity,ec30502
ec30503,3.05.03.,SUPERAVIT POR REVALUACION DE ACTIVOS INTANGIBLES,FALSE,view,ec305
ec3050301,3.05.03.01,SUPERAVIT POR REVALUACION DE ACTIVOS INTANGIBLES,FALSE,equity,ec30503
ec30504,3.05.04.,OTROS SUPERAVIT POR REVALUACION,FALSE,view,ec305
ec3050401,3.05.04.01,OTROS SUPERAVIT POR REVALUACION,FALSE,equity,ec30504
ec306,3.06.,RESULTADOS ACUMULADOS,FALSE,view,ec3
ec30601,3.06.01.,GANANCIAS ACUMULADAS,FALSE,view,ec306
ec3060101,3.06.01.01,GANANCIAS ACUMULADAS,FALSE,equity,ec30601
ec30602,3.06.02.,PÉRDIDAS ACUMULADAS,FALSE,view,ec306
ec3060201,3.06.02.01,PÉRDIDAS ACUMULADAS,FALSE,equity,ec30602
ec30603,3.06.03.,RESULTADOS ACUMULADOS PROVENIENTES DE LA ADOPCION POR PRIMERA VEZ DE LAS NIIF,FALSE,view,ec306
ec3060301,3.06.03.01,RESULTADOS ACUMULADOS PROVENIENTES DE LA ADOPCION POR PRIMERA VEZ DE LAS NIIF,FALSE,equity,ec30603
ec307,3.07.,RESULTADOS DEL EJERCICIO,FALSE,view,ec3
ec30701,3.07.01.,GANANCIA NETA DEL PERIODO,FALSE,view,ec307
ec3070101,3.07.01.01,GANANCIA NETA DEL PERIODO,FALSE,equity,ec30701
ec30702,3.07.02.,PÉRDIDA NETA DEL PERIODO,FALSE,view,ec307
ec3070201,3.07.02.01,PÉRDIDA NETA DEL PERIODO,FALSE,equity,ec30702
ec4,4,INGRESOS,FALSE,view,ecpuc
ec401,4.01.,INGRESOS DE ACTIVIDADES ORDINARIAS,FALSE,view,ec4
ec40101,4.01.01.,VENTA DE BIENES,FALSE,view,ec401
ec4010101,4.01.01.01,VENTA DE BIENES 12%,FALSE,income,ec40101
ec4010102,4.01.01.02,VENTA DE BIENES 0%,FALSE,income,ec40101
ec40102,4.01.02.,PRESTACION DE SERVICIOS,FALSE,view,ec401
ec4010201,4.01.02.01,PRESTACION DE SERVICIOS,FALSE,income,ec40102
ec40103,4.01.03.,CONTRATOS DE CONSTRUCCION,FALSE,view,ec401
ec4010301,4.01.03.01,CONTRATOS DE CONSTRUCCION,FALSE,income,ec40103
ec40104,4.01.04.,SUBVENCIONES DEL GOBIERNO,FALSE,view,ec401
ec4010401,4.01.04.01,SUBVENCIONES DEL GOBIERNO,FALSE,income,ec40104
ec40105,4.01.05.,REGALÍAS,FALSE,view,ec401
ec4010501,4.01.05.01,REGALÍAS,FALSE,income,ec40105
ec40106,4.01.06.,INTERESES,FALSE,view,ec401
ec4010601,4.01.06.01,INTERESES,FALSE,income,ec40106
ec40107,4.01.07.,DIVIDENDOS,FALSE,view,ec401
ec4010701,4.01.07.01,DIVIDENDOS,FALSE,income,ec40107
ec40108,4.01.08.,OTROS INGRESOS DE ACTIVIDADES ORDINARIAS,FALSE,view,ec401
ec4010801,4.01.08.01,OTROS INGRESOS DE ACTIVIDADES ORDINARIAS,FALSE,income,ec40108
ec40109,4.01.09.,DESCUENTO EN VENTAS,FALSE,view,ec401
ec4010901,4.01.09.01,DESCUENTO EN VENTAS 12%,FALSE,income,ec40109
ec4010902,4.01.09.02,DESCUENTOS EN VENTAS 0%,FALSE,income,ec40109
ec4010903,4.01.09.03,DESCUENTO PRONTO PAGO,FALSE,income,ec40109
ec40110,4.01.10.,DEVOLUCIONES EN VENTAS,FALSE,view,ec401
ec4011001,4.01.10.01,DEVOLUCIONES EN VENTAS 12%,FALSE,income,ec40110
ec4011002,4.01.10.02,DEVOLUCIONES EN VENTAS 0%,FALSE,income,ec40110
ec40111,4.01.11.,BONIFICACIÓN EN PRODUCTO,FALSE,view,ec401
ec4011101,4.01.11.01,BONIFICACIÓN EN PRODUCTO,FALSE,income,ec40111
ec40112,4.01.12.,OTRAS REBAJAS COMERCIALES,FALSE,view,ec401
ec4011201,4.01.12.01,OTRAS REBAJAS COMERCIALES,FALSE,income,ec40112
ec403,4.03.,OTROS INGRESOS,FALSE,view,ec4
ec40301,4.03.01.,DIVIDENDOS,FALSE,view,ec403
ec4030101,4.03.01.01,DIVIDENDOS,FALSE,income,ec40301
ec40302,4.03.02.,INTERESES FINANCIEROS,FALSE,view,ec403
ec4030201,4.03.02.01,INTERESES FINANCIEROS,FALSE,income,ec40302
ec40303,4.03.03.,GANANCIA EN INVERSIONES EN ASOCIADAS / SUBSIDIARIAS Y OTRAS,FALSE,view,ec403
ec4030301,4.03.03.01,GANANCIA EN INVERSIONES EN ASOCIADAS / SUBSIDIARIAS Y OTRAS,FALSE,income,ec40303
ec40304,4.03.04.,VALUACION DE INSTRUMENTOS FINANCIEROS A VALOR RAZONABLE CON CAMBIO EN RESULTADOS,FALSE,view,ec403
ec4030401,4.03.04.01,VALUACION DE INSTRUMENTOS FINANCIEROS A VALOR RAZONABLE CON CAMBIO EN RESULTADOS,FALSE,income,ec40304
ec40305,4.03.05.,OTRAS RENTAS,FALSE,view,ec403
ec4030501,4.03.05.01,OTRAS RENTAS,FALSE,income,ec40305
ec5,5,COSTO DE VENTAS Y PRODUCCIÓN,FALSE,view,ecpuc
ec501,5.01.,COSTO DE VENTAS Y PRODUCCIÓN,FALSE,view,ec5
ec50101,5.01.01.,MATERIALES UTILIZADOS O PRODUCTOS VENDIDOS,FALSE,view,ec501
ec5010102,5.01.01.02.,COMPRAS NETAS LOCALES DE BIENES NO PRODUCIDOS POR LA COMPAÑIA,FALSE,view,ec50101
ec501010201,5.01.01.02.01,COMPRAS NETAS LOCALES DE BIENES NO PRODUCIDOS POR LA COMPAÑIA 12%,FALSE,expense_direct_cost,ec5010102
ec501010202,5.01.01.02.02,COMPRAS NETAS LOCALES DE BIENES NO PRODUCIDOS POR LA COMPAÑIA 0%,FALSE,expense_direct_cost,ec5010102
ec501010203,5.01.01.02.03,COMPRAS NETAS LOCALES DE BIENES NO PRODUCIDOS POR LA COMPAÑIA,FALSE,expense_direct_cost,ec5010102
ec5010103,5.01.01.03.,IMPORTACIONES DE BIENES NO PRODUCIDOS POR LA COMPAÑIA,FALSE,view,ec50101
ec501010301,5.01.01.03.01,IMPORTACIONES DE BIENES NO PRODUCIDOS POR LA COMPAÑIA,FALSE,expense_direct_cost,ec5010103
ec5010106,5.01.01.06.,COMPRAS NETAS LOCALES DE MATERIA PRIMA,FALSE,view,ec50101
ec501010601,5.01.01.06.01,COMPRAS NETAS LOCALES DE MATERIA PRIMA,FALSE,expense_direct_cost,ec5010106
ec5010107,5.01.01.07.,IMPORTACIONES DE MATERIA PRIMA,FALSE,view,ec50101
ec501010701,5.01.01.07.01,IMPORTACIONES DE MATERIA PRIMA,FALSE,expense_direct_cost,ec5010107
ec50102,5.01.02.,MANO DE OBRA DIRECTA,FALSE,view,ec501
ec5010201,5.01.02.01.,SUELDOS Y BENEFICIOS SOCIALES,FALSE,view,ec50102
ec501020101,5.01.02.01.01,SUELDOS Y BENEFICIOS SOCIALES,FALSE,expense_direct_cost,ec5010201
ec5010202,5.01.02.02.,GASTO PLANES DE BENEFICIOS A EMPLEADOS,FALSE,view,ec50102
ec501020201,5.01.02.02.01,GASTO PLANES DE BENEFICIOS A EMPLEADOS,FALSE,expense_direct_cost,ec5010202
ec50103,5.01.03.,MANO DE OBRA INDIRECTA,FALSE,view,ec501
ec5010301,5.01.03.01.,SUELDOS Y BENEFICIOS SOCIALES,FALSE,view,ec50103
ec501030101,5.01.03.01.01,SUELDOS Y BENEFICIOS SOCIALES,FALSE,expense_direct_cost,ec5010301
ec5010302,5.01.03.02.,GASTO PLANES DE BENEFICIOS A EMPLEADOS,FALSE,view,ec50103
ec501030201,5.01.03.02.01,GASTO PLANES DE BENEFICIOS A EMPLEADOS,FALSE,expense_direct_cost,ec5010302
ec50104,5.01.04.,OTROS COSTOS INDIRECTOS DE FABRICACION,FALSE,view,ec501
ec5010401,5.01.04.01.,"DEPRECIACIÓN PROPIEDADES, PLANTA Y EQUIPO",FALSE,view,ec50104
ec501040101,5.01.04.01.01,"DEPRECIACIÓN PROPIEDADES, PLANTA Y EQUIPO",FALSE,expense_depreciation,ec5010401
ec5010402,5.01.04.02.,DEPRECIACIÓN DE ACTIVOS BIOLOGICOS,FALSE,view,ec50104
ec501040201,5.01.04.02.01,DEPRECIACIÓN DE ACTIVOS BIOLOGICOS,FALSE,expense_depreciation,ec5010402
ec5010403,5.01.04.03.,"DETERIORO DE PROPIEDAD, PLANTA Y EQUIPO",FALSE,view,ec50104
ec501040301,5.01.04.03.01,"DETERIORO DE PROPIEDAD, PLANTA Y EQUIPO",FALSE,expense_depreciation,ec5010403
ec5010404,5.01.04.04.,EFECTO VALOR NETO DE REALIZACION DE INVENTARIOS,FALSE,view,ec50104
ec501040401,5.01.04.04.01,EFECTO VALOR NETO DE REALIZACION DE INVENTARIOS,FALSE,expense_direct_cost,ec5010404
ec5010405,5.01.04.05.,GASTO POR GARANTIAS EN VENTA DE PRODUCTOS O SERVICIOS,FALSE,view,ec50104
ec501040501,5.01.04.05.01,GASTO POR GARANTIAS EN VENTA DE PRODUCTOS O SERVICIOS,FALSE,expense_direct_cost,ec5010405
ec5010406,5.01.04.06.,MANTENIMIENTO Y REPARACIONES,FALSE,view,ec50104
ec501040601,5.01.04.06.01,MANTENIMIENTO Y REPARACIONES,FALSE,expense_direct_cost,ec5010406
ec5010407,5.01.04.07.,SUMINISTROS MATERIALES Y REPUESTOS,FALSE,view,ec50104
ec501040701,5.01.04.07.01,SUMINISTROS MATERIALES Y REPUESTOS,FALSE,expense_direct_cost,ec5010407
ec5010408,5.01.04.08.,OTROS COSTOS DE PRODUCCIÓN,FALSE,view,ec50104
ec501040801,5.01.04.08.01,OTROS COSTOS DE PRODUCCIÓN,FALSE,expense_direct_cost,ec5010408
ec50105,5.01.05.,COSTOS DE VENTA,FALSE,view,ec501
ec5010501,5.01.05.01.,COSTOS DE VENTA BIENES,FALSE,view,ec50105
ec501050101,5.01.05.01.01,COSTOS DE VENTA BIENES,FALSE,expense_direct_cost,ec5010501
ec502,5.02.,GASTOS,FALSE,view,ec5
ec50201,5.02.01.,GASTOS DE VENTA,FALSE,view,ec502
ec5020101,5.02.01.01.,"SUELDOS, SALARIOS Y DEMÁS REMUNERACIONES",FALSE,view,ec50201
ec502010101,5.02.01.01.01,"SUELDOS, SALARIOS Y DEMÁS REMUNERACIONES",FALSE,expense,ec5020101
ec5020102,5.02.01.02.,APORTES A LA SEGURIDAD SOCIAL (INCLUIDO FONDO DE RESERVA),FALSE,view,ec50201
ec502010201,5.02.01.02.01,APORTES A LA SEGURIDAD SOCIAL (INCLUIDO FONDO DE RESERVA),FALSE,expense,ec5020102
ec5020103,5.02.01.03.,BENEFICIOS SOCIALES E INDEMNIZACIONES,FALSE,view,ec50201
ec502010301,5.02.01.03.01,BENEFICIOS SOCIALES E INDEMNIZACIONES,FALSE,expense,ec5020103
ec5020104,5.02.01.04.,GASTO PLANES DE BENEFICIOS A EMPLEADOS,FALSE,view,ec50201
ec502010401,5.02.01.04.01,GASTO PLANES DE BENEFICIOS A EMPLEADOS,FALSE,expense,ec5020104
ec5020105,5.02.01.05.,"HONORARIOS, COMISIONES Y DIETAS A PERSONAS NATURALES",FALSE,view,ec50201
ec502010501,5.02.01.05.01,"HONORARIOS, COMISIONES Y DIETAS A PERSONAS NATURALES",FALSE,expense,ec5020105
ec5020106,5.02.01.06.,REMUNERACIONES A OTROS TRABAJADORES AUTÓNOMOS,FALSE,view,ec50201
ec502010601,5.02.01.06.01,REMUNERACIONES A OTROS TRABAJADORES AUTÓNOMOS,FALSE,expense,ec5020106
ec5020107,5.02.01.07.,HONORARIOS A EXTRANJEROS POR SERVICIOS OCASIONALES,FALSE,view,ec50201
ec502010701,5.02.01.07.01,HONORARIOS A EXTRANJEROS POR SERVICIOS OCASIONALES,FALSE,expense,ec5020107
ec5020108,5.02.01.08.,MANTENIMIENTO Y REPARACIONES,FALSE,view,ec50201
ec502010801,5.02.01.08.01,MANTENIMIENTO Y REPARACIONES,FALSE,expense_direct_cost,ec5020108
ec5020109,5.02.01.09.,ARRENDAMIENTO OPERATIVO,FALSE,view,ec50201
ec502010901,5.02.01.09.01,ARRENDAMIENTO OPERATIVO,FALSE,expense,ec5020109
ec5020110,5.02.01.10.,COMISIONES,FALSE,view,ec50201
ec502011001,5.02.01.10.01,COMISIONES,FALSE,expense,ec5020110
ec5020111,5.02.01.11.,PROMOCIÓN Y PUBLICIDAD,FALSE,view,ec50201
ec502011101,5.02.01.11.01,PROMOCIÓN Y PUBLICIDAD,FALSE,expense,ec5020111
ec5020112,5.02.01.12.,COMBUSTIBLES,FALSE,view,ec50201
ec502011201,5.02.01.12.01,COMBUSTIBLES,FALSE,expense,ec5020112
ec5020113,5.02.01.13.,LUBRICANTES,FALSE,view,ec50201
ec502011301,5.02.01.13.01,LUBRICANTES,FALSE,expense,ec5020113
ec5020114,5.02.01.14.,SEGUROS Y REASEGUROS (PRIMAS Y CESIONES),FALSE,view,ec50201
ec502011401,5.02.01.14.01,SEGUROS Y REASEGUROS (PRIMAS Y CESIONES),FALSE,expense,ec5020114
ec5020115,5.02.01.15.,TRANSPORTE,FALSE,view,ec50201
ec502011501,5.02.01.15.01,TRANSPORTE,FALSE,expense,ec5020115
ec5020116,5.02.01.16.,"GASTOS DE GESTIÓN (AGASAJOS A ACCIONISTAS, TRABAJADORES Y CLIENTES)",FALSE,view,ec50201
ec502011601,5.02.01.16.01,"GASTOS DE GESTIÓN (AGASAJOS A ACCIONISTAS, TRABAJADORES Y CLIENTES)",FALSE,expense,ec5020116
ec5020117,5.02.01.17.,GASTOS DE VIAJE,FALSE,view,ec50201
ec502011701,5.02.01.17.01,GASTOS DE VIAJE,FALSE,expense,ec5020117
ec5020118,5.02.01.18.,"AGUA, ENERGÍA, LUZ, Y TELECOMUNICACIONES",FALSE,view,ec50201
ec502011801,5.02.01.18.01,"AGUA, ENERGÍA, LUZ, Y TELECOMUNICACIONES",FALSE,expense,ec5020118
ec5020119,5.02.01.19.,NOTARIOS Y REGISTRADORES DE LA PROPIEDAD O MERCANTILES,FALSE,view,ec50201
ec502011901,5.02.01.19.01,NOTARIOS Y REGISTRADORES DE LA PROPIEDAD O MERCANTILES,FALSE,expense,ec5020119
ec5020121,5.02.01.21.,DEPRECIACIONES:,FALSE,view,ec50201
ec502012101,5.02.01.21.01.,"PROPIEDADES, PLANTA Y EQUIPO",FALSE,view,ec5020121
ec50201210101,5.02.01.21.01.01,"PROPIEDADES, PLANTA Y EQUIPO",FALSE,expense_depreciation,ec502012101
ec502012102,5.02.01.21.02.,PROPIEDADES DE INVERSIÓN,FALSE,view,ec5020121
ec50201210201,5.02.01.21.02.01,PROPIEDADES DE INVERSIÓN,FALSE,expense_depreciation,ec502012102
ec5020122,5.02.01.22.,AMORTIZACIONES:,FALSE,view,ec50201
ec502012201,5.02.01.22.01.,INTANGIBLES,FALSE,view,ec5020122
ec50201220101,5.02.01.22.01.01,INTANGIBLES,FALSE,expense,ec502012201
ec502012202,5.02.01.22.02.,OTROS ACTIVOS,FALSE,view,ec5020122
ec50201220201,5.02.01.22.02.01,OTROS ACTIVOS,FALSE,expense,ec502012202
ec5020123,5.02.01.23.,GASTO DETERIORO:,FALSE,view,ec50201
ec502012301,5.02.01.23.01.,"PROPIEDADES, PLANTA Y EQUIPO",FALSE,view,ec5020123
ec50201230101,5.02.01.23.01.01,"PROPIEDADES, PLANTA Y EQUIPO",FALSE,expense,ec502012301
ec502012306,5.02.01.23.06.,OTROS ACTIVOS,FALSE,view,ec5020123
ec50201230601,5.02.01.23.06.01,OTROS ACTIVOS,FALSE,expense,ec502012306
ec5020124,5.02.01.24.,GASTOS POR CANTIDADES ANORMALES DE UTILIZACION EN EL PROCESO DE PRODUCCIÓN:,FALSE,view,ec50201
ec502012401,5.02.01.24.01.,MANO DE OBRA,FALSE,view,ec5020124
ec50201240101,5.02.01.24.01.01,MANO DE OBRA,FALSE,expense,ec502012401
ec502012402,5.02.01.24.02.,MATERIALES,FALSE,view,ec5020124
ec50201240201,5.02.01.24.02.01,MATERIALES,FALSE,expense,ec502012402
ec502012403,5.02.01.24.03.,COSTOS DE PRODUCCION,FALSE,view,ec5020124
ec50201240301,5.02.01.24.03.01,COSTOS DE PRODUCCION,FALSE,expense_direct_cost,ec502012403
ec5020125,5.02.01.25.,GASTO POR REESTRUCTURACION,FALSE,view,ec50201
ec502012501,5.02.01.25.01,GASTO POR REESTRUCTURACION,FALSE,expense,ec5020125
ec5020126,5.02.01.26.,VALOR NETO DE REALIZACION DE INVENTARIOS,FALSE,view,ec50201
ec502012601,5.02.01.26.01,VALOR NETO DE REALIZACION DE INVENTARIOS,FALSE,expense,ec5020126
ec5020127,5.02.01.27.,OTROS GASTOS,FALSE,view,ec50201
ec502012701,5.02.01.27.01,OTROS GASTOS,FALSE,expense,ec5020127
ec50202,5.02.02.,GASTOS ADMINISTRATIVOS,FALSE,view,ec502
ec5020201,5.02.02.01.,"SUELDOS, SALARIOS Y DEMÁS REMUNERACIONES",FALSE,view,ec50202
ec502020101,5.02.02.01.01,"SUELDOS, SALARIOS Y DEMÁS REMUNERACIONES",FALSE,expense,ec5020201
ec5020202,5.02.02.02.,APORTES A LA SEGURIDAD SOCIAL (INCLUIDO FONDO DE RESERVA),FALSE,view,ec50202
ec502020201,5.02.02.02.01,APORTES A LA SEGURIDAD SOCIAL (INCLUIDO FONDO DE RESERVA),FALSE,expense,ec5020202
ec5020203,5.02.02.03.,BENEFICIOS SOCIALES E INDEMNIZACIONES,FALSE,view,ec50202
ec502020301,5.02.02.03.01,BENEFICIOS SOCIALES E INDEMNIZACIONES,FALSE,expense,ec5020203
ec502020302,5.02.02.03.02,VACACIONES,FALSE,expense,ec5020203
ec5020204,5.02.02.04.,GASTO PLANES DE BENEFICIOS A EMPLEADOS,FALSE,view,ec50202
ec502020401,5.02.02.04.01,GASTO PLANES DE BENEFICIOS A EMPLEADOS,FALSE,expense,ec5020204
ec5020205,5.02.02.05.,"HONORARIOS, COMISIONES Y DIETAS A PERSONAS NATURALES",FALSE,view,ec50202
ec502020501,5.02.02.05.01,"HONORARIOS, COMISIONES Y DIETAS A PERSONAS NATURALES",FALSE,expense,ec5020205
ec5020206,5.02.02.06.,REMUNERACIONES A OTROS TRABAJADORES AUTÓNOMOS,FALSE,view,ec50202
ec502020601,5.02.02.06.01,REMUNERACIONES A OTROS TRABAJADORES AUTÓNOMOS,FALSE,expense,ec5020206
ec5020207,5.02.02.07.,HONORARIOS A EXTRANJEROS POR SERVICIOS OCASIONALES,FALSE,view,ec50202
ec502020701,5.02.02.07.01,HONORARIOS A EXTRANJEROS POR SERVICIOS OCASIONALES,FALSE,expense,ec5020207
ec5020208,5.02.02.08.,MANTENIMIENTO Y REPARACIONES,FALSE,view,ec50202
ec502020801,5.02.02.08.01,MANTENIMIENTO Y REPARACIONES,FALSE,expense,ec5020208
ec5020209,5.02.02.09.,ARRENDAMIENTO OPERATIVO,FALSE,view,ec50202
ec502020901,5.02.02.09.01,ARRENDAMIENTO OPERATIVO,FALSE,expense,ec5020209
ec5020210,5.02.02.10.,COMISIONES,FALSE,view,ec50202
ec502021001,5.02.02.10.01,COMISIONES,FALSE,expense,ec5020210
ec5020212,5.02.02.12.,COMBUSTIBLES,FALSE,view,ec50202
ec502021201,5.02.02.12.01,COMBUSTIBLES,FALSE,expense,ec5020212
ec5020213,5.02.02.13.,LUBRICANTES,FALSE,view,ec50202
ec502021301,5.02.02.13.01,LUBRICANTES,FALSE,expense,ec5020213
ec5020214,5.02.02.14.,SEGUROS Y REASEGUROS (PRIMAS Y CESIONES),FALSE,view,ec50202
ec502021401,5.02.02.14.01,SEGUROS Y REASEGUROS (PRIMAS Y CESIONES),FALSE,expense,ec5020214
ec5020215,5.02.02.15.,TRANSPORTE,FALSE,view,ec50202
ec502021501,5.02.02.15.01,TRANSPORTE,FALSE,expense,ec5020215
ec5020216,5.02.02.16.,"GASTOS DE GESTIÓN (AGASAJOS A ACCIONISTAS, TRABAJADORES Y CLIENTES)",FALSE,view,ec50202
ec502021601,5.02.02.16.01,"GASTOS DE GESTIÓN (AGASAJOS A ACCIONISTAS, TRABAJADORES Y CLIENTES)",FALSE,expense,ec5020216
ec5020217,5.02.02.17.,GASTOS DE VIAJE,FALSE,view,ec50202
ec502021701,5.02.02.17.01,GASTOS DE VIAJE,FALSE,expense,ec5020217
ec5020218,5.02.02.18.,"AGUA, ENERGÍA, LUZ, Y TELECOMUNICACIONES",FALSE,view,ec50202
ec502021801,5.02.02.18.01,"AGUA, ENERGÍA, LUZ, Y TELECOMUNICACIONES",FALSE,expense,ec5020218
ec5020219,5.02.02.19.,NOTARIOS Y REGISTRADORES DE LA PROPIEDAD O MERCANTILES,FALSE,view,ec50202
ec502021901,5.02.02.19.01,NOTARIOS Y REGISTRADORES DE LA PROPIEDAD O MERCANTILES,FALSE,expense,ec5020219
ec5020220,5.02.02.20.,"IMPUESTOS, CONTRIBUCIONES Y OTROS",FALSE,view,ec50202
ec502022001,5.02.02.20.01,"IMPUESTOS, CONTRIBUCIONES Y OTROS",FALSE,expense,ec5020220
ec502022002,5.02.02.20.02,IMPUESTO DE CONSUMOS ESPECIALES ICE,FALSE,expense,ec5020220
ec502022003,5.02.02.20.03,IMPUESTOS NO RETENIDOS,FALSE,expense,ec5020220
ec5020221,5.02.02.21.,DEPRECIACIONES:,FALSE,view,ec50202
ec502022101,5.02.02.21.01.,"PROPIEDADES, PLANTA Y EQUIPO",FALSE,view,ec5020221
ec50202210101,5.02.02.21.01.01,"PROPIEDADES, PLANTA Y EQUIPO",FALSE,expense_depreciation,ec502022101
ec502022102,5.02.02.21.02.,PROPIEDADES DE INVERSIÓN,FALSE,view,ec5020221
ec50202210201,5.02.02.21.02.01,PROPIEDADES DE INVERSIÓN,FALSE,expense,ec502022102
ec5020222,5.02.02.22.,AMORTIZACIONES:,FALSE,view,ec50202
ec502022201,5.02.02.22.01.,INTANGIBLES,FALSE,view,ec5020222
ec50202220101,5.02.02.22.01.01,INTANGIBLES,FALSE,expense,ec502022201
ec502022202,5.02.02.22.02.,OTROS ACTIVOS,FALSE,view,ec5020222
ec50202220201,5.02.02.22.02.01,OTROS ACTIVOS,FALSE,expense,ec502022202
ec5020223,5.02.02.23.,GASTO DETERIORO:,FALSE,view,ec50202
ec502022301,5.02.02.23.01.,"PROPIEDADES, PLANTA Y EQUIPO",FALSE,view,ec5020223
ec50202230101,5.02.02.23.01.01,"PROPIEDADES, PLANTA Y EQUIPO",FALSE,expense_depreciation,ec502022301
ec502022302,5.02.02.23.02.,INVENTARIOS,FALSE,view,ec5020223
ec50202230201,5.02.02.23.02.01,INVENTARIOS,FALSE,expense,ec502022302
ec502022303,5.02.02.23.03.,INSTRUMENTOS FINANCIEROS,FALSE,view,ec5020223
ec50202230301,5.02.02.23.03.01,INSTRUMENTOS FINANCIEROS,FALSE,expense,ec502022303
ec502022304,5.02.02.23.04.,INTANGIBLES,FALSE,view,ec5020223
ec50202230401,5.02.02.23.04.01,INTANGIBLES,FALSE,expense,ec502022304
ec502022305,5.02.02.23.05.,CUENTAS POR COBRAR,FALSE,view,ec5020223
ec50202230501,5.02.02.23.05.01,CUENTAS POR COBRAR,FALSE,expense,ec502022305
ec502022306,5.02.02.23.06.,OTROS ACTIVOS,FALSE,view,ec5020223
ec50202230601,5.02.02.23.06.01,OTROS ACTIVOS,FALSE,expense,ec502022306
ec5020224,5.02.02.24.,GASTOS POR CANTIDADES ANORMALES DE UTILIZACION EN EL PROCESO DE PRODUCCIÓN:,FALSE,view,ec50202
ec502022401,5.02.02.24.01.,MANO DE OBRA,FALSE,view,ec5020224
ec50202240101,5.02.02.24.01.01,MANO DE OBRA,FALSE,expense,ec502022401
ec502022402,5.02.02.24.02.,MATERIALES,FALSE,view,ec5020224
ec50202240201,5.02.02.24.02.01,MATERIALES,FALSE,expense,ec502022402
ec502022403,5.02.02.24.03.,COSTOS DE PRODUCCION,FALSE,view,ec5020224
ec50202240301,5.02.02.24.03.01,COSTOS DE PRODUCCION,FALSE,expense_direct_cost,ec502022403
ec5020225,5.02.02.25.,GASTO POR REESTRUCTURACION,FALSE,view,ec50202
ec502022501,5.02.02.25.01,GASTO POR REESTRUCTURACION,FALSE,expense_direct_cost,ec5020225
ec5020226,5.02.02.26.,VALOR NETO DE REALIZACION DE INVENTARIOS,FALSE,view,ec50202
ec502022601,5.02.02.26.01,VALOR NETO DE REALIZACION DE INVENTARIOS,FALSE,expense_direct_cost,ec5020226
ec5020227,5.02.02.27.,OTROS GASTOS,FALSE,view,ec50202
ec502022701,5.02.02.27.01,OTROS GASTOS,FALSE,expense_direct_cost,ec5020227
ec50203,5.02.03.,GASTOS FINANCIEROS,FALSE,view,ec502
ec5020301,5.02.03.01.,INTERESES,FALSE,view,ec50203
ec502030101,5.02.03.01.01,INTERESES,FALSE,expense,ec5020301
ec5020302,5.02.03.02.,COMISIONES,FALSE,view,ec50203
ec502030201,5.02.03.02.01,COMISIONES,FALSE,expense,ec5020302
ec5020303,5.02.03.03.,GASTOS DE FINANCIAMIENTO DE ACTIVOS,FALSE,view,ec50203
ec502030301,5.02.03.03.01,GASTOS DE FINANCIAMIENTO DE ACTIVOS,FALSE,expense,ec5020303
ec5020304,5.02.03.04.,DIFERENCIA EN CAMBIO,FALSE,view,ec50203
ec502030401,5.02.03.04.01,DIFERENCIA EN CAMBIO,FALSE,expense,ec5020304
ec5020305,5.02.03.05.,OTROS GASTOS FINANCIEROS,FALSE,view,ec50203
ec502030501,5.02.03.05.01,OTROS GASTOS FINANCIEROS,FALSE,expense,ec5020305
ec50204,5.02.04.,OTROS GASTOS,FALSE,view,ec502
ec5020401,5.02.04.01.,PERDIDA EN INVERSIONES EN ASOCIADAS / SUBSIDIARIAS Y OTRAS,FALSE,view,ec50204
ec502040101,5.02.04.01.01,PERDIDA EN INVERSIONES EN ASOCIADAS / SUBSIDIARIAS Y OTRAS,FALSE,expense,ec5020401
ec5020402,5.02.04.02.,OTROS,FALSE,view,ec50204
ec502040201,5.02.04.02.01,OTROS,FALSE,expense,ec5020402
ec6,6,TRANSITORIA,FALSE,view,ecpuc
ec601010101,6.01.01.01.01,TRANSITORIA COSTOS EN COMPRAS,FALSE,expense,ec6
ec7,7,INGRESOS Y GASTOS POR OPE. DISCONTINUADAS,FALSE,view,ecpuc
ec701,7.01.,INGRESOS POR OPERACIONES DISCONTINUADAS,FALSE,view,ec7
ec70101,7.01.01,INGRESOS POR OPERACIONES DISCONTINUADAS,FALSE,income,ec701
ec702,7.02.,GASTOS POR OPERACIONES DISCONTINUADAS,FALSE,view,ec7
ec70201,7.02.01,GASTOS POR OPERACIONES DISCONTINUADAS,FALSE,expense,ec702
ec8,8,OTRO RESULTADO INTEGRAL,FALSE,view,ecpuc
ec801,8.01.,COMPONENTES DEL OTRO RESULTADO INTEGRAL,FALSE,view,ec8
ec80101,8.01.01.,DIFERENCIA DE CAMBIO POR CONVERSIÓN,FALSE,view,ec801
ec8010101,8.01.01.01,DIFERENCIA DE CAMBIO POR CONVERSIÓN,FALSE,expense,ec80101
ec80102,8.01.02.,VALUACION DE ACTIVOS FINANCIEROS DISPONIBLES PARA LA VENTA,FALSE,view,ec801
ec8010201,8.01.02.01,VALUACION DE ACTIVOS FINANCIEROS DISPONIBLES PARA LA VENTA,FALSE,income,ec80102
ec80103,8.01.03.,"GANANCIAS POR REVALUACIÓN DE PROPIEDADES, PLANTA  Y EQUIPO",FALSE,view,ec801
ec8010301,8.01.03.01,"GANANCIAS POR REVALUACIÓN DE PROPIEDADES, PLANTA  Y EQUIPO",FALSE,equity,ec80103
ec80104,8.01.04.,GANANCIAS (PÉRDIDAS) ACTUARIALES POR PLANES DE BENEFICIOS DEFINIDOS,FALSE,view,ec801
ec8010401,8.01.04.01,GANANCIAS (PÉRDIDAS) ACTUARIALES POR PLANES DE BENEFICIOS DEFINIDOS,FALSE,equity,ec80104
ec80105,8.01.05.,REVERSION DEL DETERIORO (PÉRDIDA POR DETERIORO) DE UN ACTIVO REVALUADO,FALSE,view,ec801
ec8010501,8.01.05.01,REVERSION DEL DETERIORO (PÉRDIDA POR DETERIORO) DE UN ACTIVO REVALUADO,FALSE,expense_direct_cost,ec80105
ec80106,8.01.06.,PARTICIPACION DE OTRO RESULTADO INTEGRAL DE ASOCIADAS,FALSE,view,ec801
ec8010601,8.01.06.01,PARTICIPACION DE OTRO RESULTADO INTEGRAL DE ASOCIADAS,FALSE,expense_direct_cost,ec80106
ec80107,8.01.07.,IMPUESTO SOBRE LAS GANANCIAS RELATIVO A OTRO RESULTADO INTEGRAL,FALSE,view,ec801
ec8010701,8.01.07.01,IMPUESTO SOBRE LAS GANANCIAS RELATIVO A OTRO RESULTADO INTEGRAL,FALSE,expense_direct_cost,ec80107
ec80108,8.01.08.,OTROS (DETALLAR EN NOTAS),FALSE,view,ec801
ec8010801,8.01.08.01,OTROS (DETALLAR EN NOTAS),FALSE,expense_direct_cost,ec80108
ec9,9,UTILIDAD A REINVERTIR (INFORMATIVO),FALSE,view,ecpuc
ec90,9.0.,GANANCIA POR ACCION:,FALSE,view,ec9
ec9001,9.0.01.,GANANCIA POR ACCIÓN BÁSICA,FALSE,view,ec90
ec900101,9.0.01.01.,GANANCIA POR ACCIÓN BÁSICA EN OPERACIONES CONTINUADAS,FALSE,view,ec9001
ec90010101,9.0.01.01.01,GANANCIA POR ACCIÓN BÁSICA EN OPERACIONES CONTINUADAS,FALSE,income,ec900101
ec900102,9.0.01.02.,GANANCIA POR ACCIÓN BÁSICA EN OPERACIONES DISCONTINUADAS,FALSE,view,ec9001
ec90010201,9.0.01.02.01,GANANCIA POR ACCIÓN BÁSICA EN OPERACIONES DISCONTINUADAS,FALSE,income,ec900102
ec9002,9.0.02.,GANANCIA POR ACCIÓN DILUÍDA,FALSE,view,ec90
ec900201,9.0.02.01.,GANANCIA POR ACCIÓN DILUÍDA EN OPERACIONES CONTINUADAS,FALSE,view,ec9002
ec90020101,9.0.02.01.01,GANANCIA POR ACCIÓN DILUÍDA EN OPERACIONES CONTINUADAS,FALSE,income,ec900201
ec900202,9.0.02.02.,GANANCIA POR ACCIÓN DILUÍDA EN OPERACIONES DISCONTINUADAS,FALSE,view,ec9002
ec90020201,9.0.02.02.01,GANANCIA POR ACCIÓN DILUÍDA EN OPERACIONES DISCONTINUADAS,FALSE,income,ec900202
ec91,9.1.,UTILIDAD A REINVERTIR (INFORMATIVO),FALSE,view,ec9
ec9101,9.1.01,UTILIDAD A REINVERTIR (INFORMATIVO),FALSE,income,ec91
ec95,9.5.,"INCREMENTO NETO (DISMINUCIÓN) EN EL EFECTIVO Y EQUIVALENTES AL EFECTIVO, ANTES DEL EFECTO DE LOS CAM",FALSE,view,ec9
ec9501,9.5.01.,FLUJOS DE EFECTIVO PROCEDENTES DE (UTILIZADOS EN) ACTIVIDADES DE OPERACIÓN,FALSE,view,ec95
ec950101,9.5.01.01.,CLASES DE COBROS POR ACTIVIDADES DE OPERACIÓN,FALSE,view,ec9501
ec95010101,9.5.01.01.01,COBROS PROCEDENTES DE LAS VENTAS DE BIENES Y PRESTACIÓN DE SERVICIOS,FALSE,income,ec950101
ec95010102,9.5.01.01.02,"COBROS PROCEDENTES DE REGALÍAS, CUOTAS, COMISIONES Y OTROS INGRESOS DE ACTIVIDADES ORDINARIAS",FALSE,income,ec950101
ec95010103,9.5.01.01.03,COBROS PROCEDENTES DE CONTRATOS MANTENIDOS CON PROPÓSITOS DE INTERMEDIACIÓN O PARA NEGOCIAR,FALSE,income,ec950101
ec95010104,9.5.01.01.04,"COBROS PROCEDENTES DE PRIMAS Y PRESTACIONES, ANUALIDADES Y OTROS BENEFICIOS DE PÓLIZAS SUSCRITAS",FALSE,income,ec950101
ec95010105,9.5.01.01.05,OTROS COBROS POR ACTIVIDADES DE OPERACIÓN,FALSE,income,ec950101
ec950102,9.5.01.02.,CLASES DE PAGOS POR ACTVIDADES DE OPERACIÓN,FALSE,view,ec9501
ec95010201,9.5.01.02.01,PAGOS A PROVEEDORES POR EL SUMINISTRO DE BIENES Y SERVICIOS,FALSE,expense,ec950102
ec95010202,9.5.01.02.02,PAGOS PROCEDENTES DE CONTRATOS MANTENIDOS PARA INTERMEDIACIÓN O PARA NEGOCIAR,FALSE,expense,ec950102
ec95010203,9.5.01.02.03,PAGOS A Y POR CUENTA DE LOS EMPLEADOS,FALSE,expense,ec950102
ec95010204,9.5.01.02.04,"PAGOS POR PRIMAS Y PRESTACIONES, ANUALIDADES Y OTRAS OBLIGACIONES DERIVADAS DE LAS PÓLIZAS SUSCRITAS",FALSE,expense,ec950102
ec95010205,9.5.01.02.05,OTROS PAGOS POR ACTIVIDADES DE OPERACIÓN,FALSE,expense,ec950102
ec950103,9.5.01.03.,DIVIDENDOS PAGADOS,FALSE,view,ec9501
ec95010301,9.5.01.03.01,DIVIDENDOS PAGADOS,FALSE,expense,ec950103
ec950104,9.5.01.04.,DIVIDENDOS RECIBIDOS,FALSE,view,ec9501
ec95010401,9.5.01.04.01,DIVIDENDOS RECIBIDOS,FALSE,expense,ec950104
ec950105,9.5.01.05.,INTERESES PAGADOS,FALSE,view,ec9501
ec95010501,9.5.01.05.01,INTERESES PAGADOS,FALSE,expense,ec950105
ec950106,9.5.01.06.,INTERESES RECIBIDOS,FALSE,view,ec9501
ec95010601,9.5.01.06.01,INTERESES RECIBIDOS,FALSE,income,ec950106
ec950107,9.5.01.07.,IMPUESTOS A LAS GANANCIAS PAGADOS,FALSE,view,ec9501
ec95010701,9.5.01.07.01,IMPUESTOS A LAS GANANCIAS PAGADOS,FALSE,expense_direct_cost,ec950107
ec950108,9.5.01.08.,OTRAS ENTRADAS (SALIDAS) DE EFECTIVO,FALSE,view,ec9501
ec95010801,9.5.01.08.01,OTRAS ENTRADAS (SALIDAS) DE EFECTIVO,FALSE,expense_direct_cost,ec950108
ec9502,9.5.02.,FLUJOS DE EFECTIVO PROCEDENTES DE (UTILIZADOS EN) ACTIVIDADES DE INVERSIÓN,FALSE,view,ec95
ec950201,9.5.02.01.,EFECTIVO PROCEDENTES DE LA VENTA DE ACCIONES EN SUBSIDIARIAS U OTROS NEGOCIOS,FALSE,view,ec9502
ec95020101,9.5.02.01.01,EFECTIVO PROCEDENTES DE LA VENTA DE ACCIONES EN SUBSIDIARIAS U OTROS NEGOCIOS,FALSE,expense_direct_cost,ec950201
ec950202,9.5.02.02.,EFECTIVO UTILIZADO PARA ADQUIRIR ACCIONES EN SUBSIDIARIAS U OTROS NEGOCIOS PARA TENER EL CONTROL,FALSE,view,ec9502
ec95020201,9.5.02.02.01,EFECTIVO UTILIZADO PARA ADQUIRIR ACCIONES EN SUBSIDIARIAS U OTROS NEGOCIOS PARA TENER EL CONTROL,FALSE,expense_direct_cost,ec950202
ec950203,9.5.02.03.,EFECTIVO UTILIZADO EN LA COMPRA DE PARTICIPACIONES NO CONTROLADORAS,FALSE,view,ec9502
ec95020301,9.5.02.03.01,EFECTIVO UTILIZADO EN LA COMPRA DE PARTICIPACIONES NO CONTROLADORAS,FALSE,expense_direct_cost,ec950203
ec950204,9.5.02.04.,OTROS COBROS POR LA VENTA DE ACCIONES O INSTRUMENTOS DE DEUDA DE OTRAS ENTIDADES,FALSE,view,ec9502
ec95020401,9.5.02.04.01,OTROS COBROS POR LA VENTA DE ACCIONES O INSTRUMENTOS DE DEUDA DE OTRAS ENTIDADES,FALSE,expense_direct_cost,ec950204
ec950205,9.5.02.05.,OTROS PAGOS PARA ADQUIRIR ACCIONES O INSTRUMENTOS DE DEUDA DE OTRAS ENTIDADES,FALSE,view,ec9502
ec95020501,9.5.02.05.01,OTROS PAGOS PARA ADQUIRIR ACCIONES O INSTRUMENTOS DE DEUDA DE OTRAS ENTIDADES,FALSE,asset_current,ec950205
ec950206,9.5.02.06.,OTROS COBROS POR LA VENTA DE PARTICIPACIONES EN NEGOCIOS CONJUNTOS,FALSE,view,ec9502
ec95020601,9.5.02.06.01,OTROS COBROS POR LA VENTA DE PARTICIPACIONES EN NEGOCIOS CONJUNTOS,FALSE,income,ec950206
ec950207,9.5.02.07.,OTROS PAGOS PARA ADQUIRIR PARTICIPACIONES EN NEGOCIOS CONJUNTOS,FALSE,view,ec9502
ec95020701,9.5.02.07.01,OTROS PAGOS PARA ADQUIRIR PARTICIPACIONES EN NEGOCIOS CONJUNTOS,FALSE,asset_current,ec950207
ec950208,9.5.02.08.,"IMPORTES PROCEDENTES POR LA VENTA DE PROPIEDADES, PLANTA Y EQUIPO",FALSE,view,ec9502
ec95020801,9.5.02.08.01,"IMPORTES PROCEDENTES POR LA VENTA DE PROPIEDADES, PLANTA Y EQUIPO",FALSE,asset_current,ec950208
ec950209,9.5.02.09.,"ADQUISICIONES DE PROPIEDADES, PLANTA Y EQUIPO",FALSE,view,ec9502
ec95020901,9.5.02.09.01,"ADQUISICIONES DE PROPIEDADES, PLANTA Y EQUIPO",FALSE,asset_current,ec950209
ec950210,9.5.02.10.,IMPORTES PROCEDENTES DE VENTAS DE ACTIVOS INTANGIBLES,FALSE,view,ec9502
ec95021001,9.5.02.10.01,IMPORTES PROCEDENTES DE VENTAS DE ACTIVOS INTANGIBLES,FALSE,expense,ec950210
ec950211,9.5.02.11.,COMPRAS DE ACTIVOS INTANGIBLES,FALSE,view,ec9502
ec95021101,9.5.02.11.01,COMPRAS DE ACTIVOS INTANGIBLES,FALSE,asset_current,ec950211
ec950212,9.5.02.12.,IMPORTES PROCEDENTES DE OTROS ACTIVOS A LARGO PLAZO,FALSE,view,ec9502
ec95021201,9.5.02.12.01,IMPORTES PROCEDENTES DE OTROS ACTIVOS A LARGO PLAZO,FALSE,expense,ec950212
ec950213,9.5.02.13.,COMPRAS DE OTROS ACTIVOS A LARGO PLAZO,FALSE,view,ec9502
ec95021301,9.5.02.13.01,COMPRAS DE OTROS ACTIVOS A LARGO PLAZO,FALSE,asset_current,ec950213
ec950214,9.5.02.14.,IMPORTES PROCEDENTES DE SUBVENCIONES DEL GOBIERNO,FALSE,view,ec9502
ec95021401,9.5.02.14.01,IMPORTES PROCEDENTES DE SUBVENCIONES DEL GOBIERNO,FALSE,asset_current,ec950214
ec950215,9.5.02.15.,ANTICIPOS DE EFECTIVO EFECTUADOS A TERCEROS,FALSE,view,ec9502
ec95021501,9.5.02.15.01,ANTICIPOS DE EFECTIVO EFECTUADOS A TERCEROS,FALSE,asset_current,ec950215
ec950216,9.5.02.16.,COBROS PROCEDENTES DEL REEMBOLSO DE ANTICIPOS Y PRÉSTAMOS CONCEDIDOS A TERCEROS,FALSE,view,ec9502
ec95021601,9.5.02.16.01,COBROS PROCEDENTES DEL REEMBOLSO DE ANTICIPOS Y PRÉSTAMOS CONCEDIDOS A TERCEROS,FALSE,income,ec950216
ec950217,9.5.02.17.,"PAGOS DERIVADOS DE CONTRATOS DE FUTURO, A TÉRMINO, DE OPCIONES Y DE PERMUTA FINANCIERA",FALSE,view,ec9502
ec95021701,9.5.02.17.01,"PAGOS DERIVADOS DE CONTRATOS DE FUTURO, A TÉRMINO, DE OPCIONES Y DE PERMUTA FINANCIERA",FALSE,asset_current,ec950217
ec950218,9.5.02.18.,"COBROS PROCEDENTES DE CONTRATOS DE FUTURO, A TÉRMINO, DE OPCIONES Y DE PERMUTA FINANCIERA",FALSE,view,ec9502
ec95021801,9.5.02.18.01,"COBROS PROCEDENTES DE CONTRATOS DE FUTURO, A TÉRMINO, DE OPCIONES Y DE PERMUTA FINANCIERA",FALSE,income,ec950218
ec950219,9.5.02.19.,DIVIDENDOS RECIBIDOS,FALSE,view,ec9502
ec95021901,9.5.02.19.01,DIVIDENDOS RECIBIDOS,FALSE,asset_current,ec950219
ec950220,9.5.02.20.,INTERESES RECIBIDOS,FALSE,view,ec9502
ec95022001,9.5.02.20.01,INTERESES RECIBIDOS,FALSE,asset_current,ec950220
ec950221,9.5.02.21.,OTRAS ENTRADAS (SALIDAS) DE EFECTIVO,FALSE,view,ec9502
ec95022101,9.5.02.21.01,OTRAS ENTRADAS (SALIDAS) DE EFECTIVO,FALSE,income,ec950221
ec9503,9.5.03.,FLUJOS DE EFECTIVO PROCEDENTES DE (UTILIZADOS EN) ACTIVIDADES DE FINANCIACIÓN,FALSE,view,ec95
ec950301,9.5.03.01.,APORTE EN EFECTIVO POR AUMENTO DE CAPITAL,FALSE,view,ec9503
ec95030101,9.5.03.01.01,APORTE EN EFECTIVO POR AUMENTO DE CAPITAL,FALSE,expense_direct_cost,ec950301
ec950302,9.5.03.02.,FINANCIAMIENTO POR EMISIÓN DE TÍTULOS VALORES,FALSE,view,ec9503
ec95030201,9.5.03.02.01,FINANCIAMIENTO POR EMISIÓN DE TÍTULOS VALORES,FALSE,asset_current,ec950302
ec950303,9.5.03.03.,PAGOS POR ADQUIRIR O RESCATAR LAS ACCIONES DE LA ENTIDAD,FALSE,view,ec9503
ec95030301,9.5.03.03.01,PAGOS POR ADQUIRIR O RESCATAR LAS ACCIONES DE LA ENTIDAD,FALSE,expense_direct_cost,ec950303
ec950304,9.5.03.04.,FINANCIACIÓN POR PRÉSTAMOS A LARGO PLAZO,FALSE,view,ec9503
ec95030401,9.5.03.04.01,FINANCIACIÓN POR PRÉSTAMOS A LARGO PLAZO,FALSE,expense_direct_cost,ec950304
ec950305,9.5.03.05.,PAGOS DE PRÉSTAMOS,FALSE,view,ec9503
ec95030501,9.5.03.05.01,PAGOS DE PRÉSTAMOS,FALSE,expense_direct_cost,ec950305
ec950306,9.5.03.06.,PAGOS DE PASIVOS POR ARRENDAMIENTOS FINANCIEROS,FALSE,view,ec9503
ec95030601,9.5.03.06.01,PAGOS DE PASIVOS POR ARRENDAMIENTOS FINANCIEROS,FALSE,asset_current,ec950306
ec950307,9.5.03.07.,IMPORTES PROCEDENTES DE SUBVENCIONES DEL GOBIERNO,FALSE,view,ec9503
ec95030701,9.5.03.07.01,IMPORTES PROCEDENTES DE SUBVENCIONES DEL GOBIERNO,FALSE,expense,ec950307
ec950308,9.5.03.08.,DIVIDENDOS RECIBIDOS PAGADOS,FALSE,view,ec9503
ec95030801,9.5.03.08.01,DIVIDENDOS RECIBIDOS PAGADOS,FALSE,asset_current,ec950308
ec950309,9.5.03.09.,INTERESES RECIBIDOS,FALSE,view,ec9503
ec95030901,9.5.03.09.01,INTERESES RECIBIDOS,FALSE,asset_current,ec950309
ec950310,9.5.03.10.,OTRAS ENTRADAS (SALIDAS) DE EFECTIVO,FALSE,view,ec9503
ec95031001,9.5.03.10.01,OTRAS ENTRADAS (SALIDAS) DE EFECTIVO,FALSE,asset_current,ec950310
ec9504,9.5.04.,EFECTOS DE LA VARIACION EN LA TASA DE CAMBIO SOBRE EL EFECTIVO Y EQUIVALENTES AL EFECTIVO,FALSE,view,ec95
ec950401,9.5.04.01,EFECTOS DE LA VARIACIÓN EN LA TASA DE CAMBIO SOBRE EL EFECTIVO Y EQUIVALENTES AL EFECTIVO,FALSE,asset_current,ec9504
ec9505,9.5.05.,INCREMENTO (DISMINUCIÓN) NETO DE EFECTIVO Y EQUIVALENTES AL EFECTIVO,FALSE,view,ec95
ec950501,9.5.05.01,INCREMENTO (DISMINUCIÓN) NETO DE EFECTIVO Y EQUIVALENTES AL EFECTIVO,FALSE,asset_current,ec9505
ec9506,9.5.06.,EFECTIVO Y EQUIVALENTES AL EFECTIVO AL PRINCIPIO DEL PERIODO,FALSE,view,ec95
ec950601,9.5.06.01,EFECTIVO Y EQUIVALENTES AL EFECTIVO AL PRINCIPIO DEL PERIODO,FALSE,asset_current,ec9506
ec9507,9.5.07.,EFECTIVO Y EQUIVALENTES AL EFECTIVO AL FINAL DEL PERIODO,FALSE,view,ec95
ec950701,9.5.07.01,EFECTIVO Y EQUIVALENTES AL EFECTIVO AL FINAL DEL PERIODO,FALSE,asset_current,ec9507
ec96,9.6.,GANANCIA (PÉRDIDA) ANTES DE 15% A TRABAJADORES E IMPUESTO A LA RENTA,FALSE,view,ecpuc
ec9601,9.6.01,GANANCIA (PÉRDIDA) ANTES DE 15% A TRABAJADORES E IMPUESTO A LA RENTA,FALSE,asset_current,ec96
ec97,9.7.,AJUSTE POR PARTIDAS DISTINTAS AL EFECTIVO:,FALSE,view,ecpuc
ec9701,9.7.01.,AJUSTES POR GASTO DE DEPRECIACIÓN Y AMORTIZACIÓN,FALSE,view,ec97
ec970101,9.7.01.01,AJUSTES POR GASTO DE DEPRECIACIÓN Y AMORTIZACIÓN,FALSE,asset_current,ec9701
ec9702,9.7.02.,AJUSTES POR GASTOS POR DETERIORO (REVERSIONES POR DETERIORO) RECONOCIDAS EN LOS RESULTADOS DEL PERIO,FALSE,view,ec97
ec970201,9.7.02.01,AJUSTES POR GASTOS POR DETERIORO (REVERSIONES POR DETERIORO) RECONOCIDAS EN LOS RESULTADOS DEL PERIO,FALSE,asset_current,ec9702
ec9703,9.7.03.,PÉRDIDA (GANANCIA) DE MONEDA EXTRANJERA NO REALIZADA,FALSE,view,ec97
ec970301,9.7.03.01,PÉRDIDA (GANANCIA) DE MONEDA EXTRANJERA NO REALIZADA,FALSE,asset_current,ec9703
ec9704,9.7.04.,PÉRDIDAS EN CAMBIO DE MONEDA EXTRANJERA,FALSE,view,ec97
ec970401,9.7.04.01,PÉRDIDAS EN CAMBIO DE MONEDA EXTRANJERA,FALSE,asset_current,ec9704
ec9705,9.7.05.,AJUSTES POR GASTOS EN PROVISIONES,FALSE,view,ec97
ec970501,9.7.05.01,AJUSTES POR GASTOS EN PROVISIONES,FALSE,asset_current,ec9705
ec9706,9.7.06.,AJUSTE POR PARTICIPACIONES NO CONTROLADORAS,FALSE,view,ec97
ec970601,9.7.06.01,AJUSTE POR PARTICIPACIONES NO CONTROLADORAS,FALSE,asset_current,ec9706
ec9707,9.7.07.,AJUSTE POR PAGOS BASADOS EN ACCIONES,FALSE,view,ec97
ec970701,9.7.07.01,AJUSTE POR PAGOS BASADOS EN ACCIONES,FALSE,asset_current,ec9707
ec9708,9.7.08.,AJUSTES POR GANANCIAS (PÉRDIDAS) EN VALOR RAZONABLE,FALSE,view,ec97
ec970801,9.7.08.01,AJUSTES POR GANANCIAS (PÉRDIDAS) EN VALOR RAZONABLE,FALSE,asset_current,ec9708
ec9709,9.7.09.,AJUSTES POR GASTO POR IMPUESTO A LA RENTA,FALSE,view,ec97
ec970901,9.7.09.01,AJUSTES POR GASTO POR IMPUESTO A LA RENTA,FALSE,asset_current,ec9709
ec9710,9.7.10.,AJUSTES POR GASTO POR PARTICIPACIÓN TRABAJADORES,FALSE,view,ec97
ec971001,9.7.10.01,AJUSTES POR GASTO POR PARTICIPACIÓN TRABAJADORES,FALSE,asset_current,ec9710
ec9711,9.7.11.,OTROS AJUSTES POR PARTIDAS DISTINTAS AL EFECTIVO,FALSE,view,ec97
ec971101,9.7.11.01,OTROS AJUSTES POR PARTIDAS DISTINTAS AL EFECTIVO,FALSE,asset_current,ec9711
ec98,9.8.,CAMBIOS EN ACTIVOS Y PASIVOS:,FALSE,view,ecpuc
ec9801,9.8.01.,(INCREMENTO) DISMINUCIÓN EN CUENTAS POR COBRAR CLIENTES,FALSE,view,ec98
ec980101,9.8.01.01,(INCREMENTO) DISMINUCIÓN EN CUENTAS POR COBRAR CLIENTES,FALSE,asset_current,ec9801
ec9802,9.8.02.,(INCREMENTO) DISMINUCIÓN EN OTRAS CUENTAS POR COBRAR,FALSE,view,ec98
ec980201,9.8.02.01,(INCREMENTO) DISMINUCIÓN EN OTRAS CUENTAS POR COBRAR,FALSE,asset_current,ec9802
ec9803,9.8.03.,(INCREMENTO) DISMINUCIÓN EN ANTICIPOS DE PROVEEDORES,FALSE,view,ec98
ec980301,9.8.03.01,(INCREMENTO) DISMINUCIÓN EN ANTICIPOS DE PROVEEDORES,FALSE,asset_current,ec9803
ec9804,9.8.04.,(INCREMENTO) DISMINUCIÓN EN INVENTARIOS,FALSE,view,ec98
ec980401,9.8.04.01,(INCREMENTO) DISMINUCIÓN EN INVENTARIOS,FALSE,asset_current,ec9804
ec9805,9.8.05.,(INCREMENTO) DISMINUCIÓN EN OTROS ACTIVOS,FALSE,view,ec98
ec980501,9.8.05.01,(INCREMENTO) DISMINUCIÓN EN OTROS ACTIVOS,FALSE,asset_current,ec9805
ec9806,9.8.06.,INCREMENTO  (DISMINUCIÓN) EN CUENTAS POR PAGAR COMERCIALES,FALSE,view,ec98
ec980601,9.8.06.01,INCREMENTO  (DISMINUCIÓN) EN CUENTAS POR PAGAR COMERCIALES,FALSE,asset_current,ec9806
ec9807,9.8.07.,INCREMENTO  (DISMINUCIÓN) EN OTRAS CUENTAS POR PAGAR,FALSE,view,ec98
ec980701,9.8.07.01,INCREMENTO  (DISMINUCIÓN) EN OTRAS CUENTAS POR PAGAR,FALSE,asset_current,ec9807
ec9808,9.8.08.,INCREMENTO  (DISMINUCIÓN) EN BENEFICIOS EMPLEADOS,FALSE,view,ec98
ec980801,9.8.08.01,INCREMENTO  (DISMINUCIÓN) EN BENEFICIOS EMPLEADOS,FALSE,asset_current,ec9808
ec9809,9.8.09.,INCREMENTO  (DISMINUCIÓN) EN ANTICIPOS DE CLIENTES,FALSE,view,ec98
ec980901,9.8.09.01,INCREMENTO  (DISMINUCIÓN) EN ANTICIPOS DE CLIENTES,FALSE,asset_current,ec9809
ec9810,9.8.10.,INCREMENTO  (DISMINUCIÓN) EN OTROS PASIVOS,FALSE,view,ec98
ec981001,9.8.10.01,INCREMENTO  (DISMINUCIÓN) EN OTROS PASIVOS,FALSE,asset_current,ec9810
ec9820,9.8.20.,FLUJOS DE EFECTIVO NETOS PROCEDENTES DE (UTILIZADOS EN) ACTIVIDADES DE OPERACIÓN,FALSE,view,ec98
ec982001,9.8.20.01,FLUJOS DE EFECTIVO NETOS PROCEDENTES DE (UTILIZADOS EN) ACTIVIDADES DE OPERACIÓN,FALSE,asset_current,ec9820
